datetime,option_symbol,action,order_size
2024-02-15T18:26:43.789451230Z,SPX   240216C05020000,S,1
2024-03-21T13:30:12.846854942Z,SPX   240419P04450000,B,107
2024-03-21T18:16:50.709672880Z,SPX   240719C05140000,B,17
2024-01-03T20:34:16.292746656Z,SPX   240216P04710000,B,480
2024-02-15T15:23:33.436127530Z,SPX   240216C05060000,B,1775
2024-02-15T20:46:27.899416697Z,SPX   241220P05125000,S,55
2024-01-08T14:58:09.315562999Z,SPX   240119C04850000,S,130
2024-03-12T20:07:52.294940479Z,SPX   240315C05160000,S,32
2024-01-11T19:18:34.967951015Z,SPX   240621P04450000,S,196
2024-01-03T18:04:53.853533804Z,SPX   241220C04000000,S,22
2024-01-03T20:34:17.182009994Z,SPX   250620P04450000,B,33
2024-03-14T14:29:53.740151619Z,SPX   240315C05135000,S,89
2024-03-07T20:20:20.261676327Z,SPX   240719C05370000,B,30
2024-01-22T15:17:20.421721141Z,SPX   240315C05030000,S,29
2024-01-19T16:04:54.732609749Z,SPX   240816C04900000,B,4
2024-02-02T19:48:31.069939617Z,SPX   240517P04360000,B,670
2024-02-15T18:14:18.635214570Z,SPX   240216C05040000,S,139
2024-02-15T18:12:04.284054884Z,SPX   240216P04975000,S,50
2024-03-12T14:20:47.771569031Z,SPX   250117P05375000,S,9
2024-03-14T20:07:02.811826018Z,SPX   240315P04970000,S,231
2024-01-10T20:22:26.289689697Z,SPX   240419P02975000,B,253
2024-01-02T16:00:37.994016766Z,SPX   240816C04825000,B,40
2024-03-12T14:52:21.855518301Z,SPX   240315C04525000,B,69
2024-02-09T18:17:54.143246026Z,SPX   241220P05000000,S,176
2024-03-01T15:07:56.516920750Z,SPX   240315P05025000,S,394
2024-02-08T14:48:25.477813994Z,SPX   240920P04025000,B,386
2024-02-12T19:15:36.135833054Z,SPX   240419P04000000,B,243
2024-02-20T15:05:35.259031768Z,SPX   240315P04450000,S,2764
2024-03-04T18:36:16.428710454Z,SPX   240419P05150000,B,195
2024-03-08T18:15:29.583218204Z,SPX   240315P05100000,S,66
2024-02-13T20:01:26.909010094Z,SPX   240315C05125000,B,901
2024-02-05T17:28:34.632885777Z,SPX   240419P04850000,S,5
2024-02-22T14:45:00.385966799Z,SPX   240621C05500000,S,49
2024-03-04T21:01:28.514898972Z,SPX   240419C05460000,S,94
2024-01-22T16:46:16.389912025Z,SPX   240216P04650000,S,1533
2024-01-10T20:58:48.225472907Z,SPX   240419P03810000,S,484
2024-02-13T16:27:02.197063307Z,SPX   240419C05050000,B,23
2024-03-01T16:58:28.709248548Z,SPX   240621P03200000,S,1574
2024-01-18T18:05:07.931001688Z,SPX   240119C04775000,B,56
2024-02-02T16:29:39.914894541Z,SPX   240621C05000000,S,7
2024-01-25T16:36:04.735076825Z,SPX   240419P04950000,S,130
2024-01-03T15:25:49.437159771Z,SPX   240119C04800000,S,2
2024-03-12T14:44:10.337424349Z,SPX   240315C05210000,S,92
2024-03-05T14:38:39.991337096Z,SPX   240419C05090000,S,35
2024-01-16T16:28:33.045470068Z,SPX   240621P04000000,B,360
2024-03-15T18:29:11.851005442Z,SPX   240621P08200000,S,68
2024-03-20T19:59:37.473018990Z,SPX   240517P03775000,S,874
2024-02-29T16:34:42.651435283Z,SPX   240315P05050000,B,353
2024-02-08T18:41:55.983423480Z,SPX   240315P04300000,B,2326
2024-03-14T19:44:15.483895162Z,SPX   240315P05085000,B,30
2024-02-27T14:36:18.213825800Z,SPX   240315P04575000,S,690
2024-03-19T13:46:31.816240544Z,SPX   240419P05000000,S,204
2024-03-14T18:41:13.135657556Z,SPX   240315P05140000,B,87
2024-02-14T20:32:24.058719572Z,SPX   240216P04920000,B,5
2024-03-14T14:17:41.120528046Z,SPX   240315C05205000,B,192
2024-01-19T14:52:30.884274573Z,SPX   240315P04750000,B,77
2024-03-06T17:41:17.861469663Z,SPX   240719P04400000,B,288
2024-02-06T19:44:03.230675134Z,SPX   240315C05125000,B,340
2024-03-08T15:40:19.308283552Z,SPX   240315C05290000,B,94
2024-03-22T17:13:56.710745162Z,SPX   240419C05260000,B,187
2024-03-21T14:23:27.501189678Z,SPX   240419C05250000,S,48
2024-03-11T13:48:35.739632532Z,SPX   240315C05210000,S,81
2024-01-03T19:30:45.044592585Z,SPX   240315P04700000,S,371
2024-02-13T20:25:28.306949518Z,SPX   250117C04500000,S,28
2024-02-13T20:59:09.441072153Z,SPX   240315C05140000,S,880
2024-02-29T17:03:27.233002024Z,SPX   240719P04000000,B,885
2024-03-26T15:11:44.521653005Z,SPX   240621P05290000,B,2
2024-02-22T15:12:24.141987305Z,SPX   240419P05065000,B,1
2024-03-28T17:36:35.124098166Z,SPX   250117C05000000,S,40
2024-02-09T19:22:46.699026026Z,SPX   240216P04970000,B,127
2024-02-14T15:26:11.356966762Z,SPX   240419P04080000,B,661
2024-01-23T19:59:25.390259161Z,SPX   240419P04775000,B,148
2024-02-14T19:21:55.668386938Z,SPX   240621P03700000,S,370
2024-02-07T14:35:31.023120742Z,SPX   240315P04800000,S,1668
2024-02-21T14:40:51.002508280Z,SPX   240315C05085000,S,410
2024-03-07T15:22:12.381986960Z,SPX   240315P03875000,S,1342
2024-02-22T16:29:17.653122887Z,SPX   240315P04900000,B,282
2024-03-01T20:53:55.899683580Z,SPX   241220C05450000,S,119
2024-01-31T15:57:04.860573552Z,SPX   240419C05550000,S,2
2024-03-05T18:53:54.804873981Z,SPX   240315C05100000,B,109
2024-01-18T19:05:17.368476002Z,SPX   240119P04775000,B,81
2024-01-22T19:39:30.563464222Z,SPX   240315C04880000,S,160
2024-01-26T17:27:14.991894021Z,SPX   240315P04930000,B,356
2024-02-15T19:32:51.980299933Z,SPX   240216C05075000,B,1502
2024-03-05T19:57:01.675677401Z,SPX   240315P03700000,B,395
2024-01-22T17:38:16.866746179Z,SPX   240216P03850000,B,2382
2024-01-17T17:32:56.232725806Z,SPX   240920P04450000,B,102
2024-02-13T20:22:45.409960963Z,SPX   240216P04225000,S,511
2024-01-23T17:56:48.858635544Z,SPX   240621C05000000,B,184
2024-03-07T16:10:35.929153857Z,SPX   240920P05000000,B,90
2024-03-04T20:18:23.658934032Z,SPX   240621C05600000,B,53
2024-01-18T16:33:44.947340118Z,SPX   240517P04575000,B,340
2024-01-22T20:16:44.784097489Z,SPX   240315P04885000,S,63
2024-01-19T18:58:19.440161041Z,SPX   240216C05000000,B,280
2024-01-02T17:45:55.083365282Z,SPX   240315P04100000,B,1349
2024-03-13T15:08:30.666056366Z,SPX   240315P05135000,S,132
2024-03-20T17:15:34.105594460Z,SPX   241220P05175000,S,79
2024-02-21T20:46:55.094375641Z,SPX   240315P04840000,B,91
2024-02-08T20:52:06.964744341Z,SPX   240920C05100000,B,17
2024-03-25T16:58:01.125483822Z,SPX   240419P04600000,S,719
2024-03-01T18:33:33.513555106Z,SPX   250620C05500000,S,6
2024-03-05T14:43:18.307511954Z,SPX   240315P04330000,B,1405
2024-03-14T18:31:32.214067324Z,SPX   240315C05155000,S,6
2024-01-25T20:50:00.243593231Z,SPX   240621P04300000,B,30
2024-01-23T16:17:32.130897206Z,SPX   240315P04575000,S,706
2024-01-03T21:29:28.838140640Z,SPX   240119C04675000,B,22
2024-01-31T15:19:39.324423441Z,SPX   241018P03375000,B,132
2024-01-10T14:50:36.656928123Z,SPX   240920C05150000,B,41
2024-01-22T15:18:20.531565650Z,SPX   240315P04900000,B,209
2024-01-04T16:44:50.571238617Z,SPX   240119P06200000,S,3
2024-02-12T15:08:18.439203872Z,SPX   240517P04500000,S,357
2024-03-19T14:09:01.112823799Z,SPX   240621P04800000,S,267
2024-01-18T14:30:14.550666250Z,SPX   240419P02600000,B,806
2024-03-11T18:15:44.420326548Z,SPX   240621C05175000,B,46
2024-02-08T17:30:11.652005765Z,SPX   240419P04060000,B,492
2024-01-22T20:28:58.136867614Z,SPX   240315C04800000,B,39
2024-02-21T19:37:27.802105116Z,SPX   240419P04975000,S,36
2024-02-20T15:59:45.975385108Z,SPX   240315P05300000,S,57
2024-03-18T19:47:54.265273409Z,SPX   240419P04975000,S,21
2024-01-12T18:49:40.934152953Z,SPX   240419C05150000,B,291
2024-02-26T17:57:38.587255795Z,SPX   240419C05300000,B,887
2024-01-23T16:12:43.731682465Z,SPX   241220P05500000,S,29
2024-03-07T18:58:08.651754014Z,SPX   240315P04475000,S,621
2024-01-18T20:20:06.395100792Z,SPX   240119C04810000,B,80
2024-03-07T18:48:34.119190890Z,SPX   240315P04775000,B,225
2024-02-20T15:05:30.131399209Z,SPX   240315P04425000,B,10
2024-03-13T19:56:32.181073353Z,SPX   241018C06000000,S,90
2024-02-29T15:50:00.364289812Z,SPX   240419C05060000,S,10
2024-01-24T15:45:11.422291039Z,SPX   240315P03175000,S,4854
2024-01-08T15:32:12.282759367Z,SPX   240216C04760000,S,10
2024-03-07T19:54:06.401626398Z,SPX   240315P04525000,B,1596
2024-03-07T18:55:04.989067233Z,SPX   240315P04425000,S,273
2024-01-12T15:39:13.430757928Z,SPX   241220P04400000,S,69
2024-02-02T19:37:24.404690585Z,SPX   241115C05200000,S,11
2024-01-25T19:31:44.121822770Z,SPX   240920P04700000,S,3
2024-03-18T16:34:16.942641334Z,SPX   241220P04100000,B,244
2024-01-26T19:21:56.770599801Z,SPX   240315P04915000,B,81
2024-02-07T17:00:41.543984739Z,SPX   240315P05010000,S,11
2024-01-08T16:03:49.311309304Z,SPX   240216C05100000,S,513
2024-02-12T15:59:21.343267501Z,SPX   240315C05050000,B,73
2024-03-07T15:43:35.988048349Z,SPX   250620P05000000,S,16
2024-02-13T20:02:59.285796133Z,SPX   240216P04425000,B,11
2024-03-28T14:07:37.170011545Z,SPX   240621C05400000,S,13
2024-02-22T16:28:22.094625640Z,SPX   240419P04680000,S,912
2024-03-04T20:53:51.186850237Z,SPX   240517P04980000,S,545
2024-02-20T17:44:47.783279483Z,SPX   240315P04975000,S,234
2024-03-14T13:30:57.700951236Z,SPX   240315C05200000,S,159
2024-03-14T17:25:10.220881725Z,SPX   240315P05080000,B,94
2024-03-07T19:03:53.476288497Z,SPX   240621C05500000,S,187
2024-03-04T15:58:16.746141114Z,SPX   240621P03600000,B,184
2024-03-08T14:43:27.280236103Z,SPX   240315P05150000,S,1
2024-02-29T20:40:19.012822200Z,SPX   240315P04220000,S,803
2024-03-13T14:54:42.263002559Z,SPX   240517P05170000,B,45
2024-02-15T17:37:02.523982961Z,SPX   240216P04975000,B,405
2024-02-15T20:46:39.467304455Z,SPX   240216P04970000,B,43
2024-03-06T19:00:22.308090872Z,SPX   240419C05185000,S,39
2024-02-26T14:30:31.483758076Z,SPX   240419P04750000,S,175
2024-02-27T18:13:14.050076820Z,SPX   250321P05400000,B,23
2024-03-18T18:19:42.975131202Z,SPX   241220P03875000,B,11
2024-01-18T16:30:03.076066425Z,SPX   240119P04730000,S,1
2024-02-15T20:58:26.874279931Z,SPX   240216C05080000,B,274
2024-02-07T14:44:26.472667210Z,SPX   241220P04950000,S,13
2024-01-17T20:21:17.824529323Z,SPX   241220P04800000,B,15
2024-02-22T15:42:46.753403619Z,SPX   240419P05100000,S,77
2024-03-20T20:05:35.340122238Z,SPX   240419P04900000,S,1599
2024-02-23T20:45:57.448417857Z,SPX   241018P02200000,B,584
2024-01-11T18:21:15.026157624Z,SPX   240419P04800000,S,143
2024-03-26T18:46:08.940950145Z,SPX   240517P05095000,B,77
2024-01-02T17:22:50.807514408Z,SPX   240315P04795000,S,10
2024-03-13T14:47:34.549671240Z,SPX   250321P04200000,B,58
2024-02-22T14:48:18.953068972Z,SPX   240315C04975000,S,14
2024-02-14T20:31:38.160194181Z,SPX   240419P04150000,B,372
2024-03-07T18:46:28.604712114Z,SPX   240315P04550000,S,6759
2024-03-14T13:47:03.697039274Z,SPX   240315C05190000,S,218
2024-01-10T21:06:19.132429960Z,SPX   240216C05020000,S,1187
2024-02-02T20:51:13.403345493Z,SPX   240315P03250000,B,550
2024-02-15T17:29:52.275003319Z,SPX   240216C05065000,S,712
2024-02-22T17:56:41.955558894Z,SPX   240315C05400000,S,1545
2024-01-30T15:25:04.250803761Z,SPX   240315P04000000,B,2980
2024-03-11T14:47:11.127106278Z,SPX   240315C05325000,B,3057
2024-01-09T17:13:07.091987804Z,SPX   240315P04795000,S,44
2024-01-05T20:33:42.609994987Z,SPX   240816P03900000,B,182
2024-02-26T16:39:48.675220647Z,SPX   240315P05000000,B,108
2024-03-14T14:00:00.805588934Z,SPX   240315P05115000,S,4
2024-01-22T20:52:34.707947451Z,SPX   240419P03550000,B,4107
2024-02-06T17:22:23.690727300Z,SPX   240621P04550000,B,780
2024-02-07T15:11:33.067304079Z,SPX   240517P04810000,B,120
2024-02-15T18:04:38.736790143Z,SPX   240216P04915000,S,738
2024-01-29T18:09:37.007516269Z,SPX   240621P04000000,S,96
2024-01-30T17:15:43.954376264Z,SPX   250117P04650000,S,104
2024-01-19T21:07:37.482153142Z,SPX   240315P04870000,S,195
2024-03-08T14:56:19.837707648Z,SPX   240621C05190000,S,5
2024-03-06T14:50:36.439619260Z,SPX   240315P04990000,S,77
2024-03-12T13:40:09.860824779Z,SPX   240517P04950000,S,37
2024-03-04T14:44:49.956398784Z,SPX   240621P05200000,B,22
2024-01-30T14:47:20.881925204Z,SPX   240315P04920000,S,40
2024-03-22T18:46:05.060187202Z,SPX   240719P05300000,S,81
2024-01-30T16:15:56.769887153Z,SPX   240315P04945000,B,1
2024-03-26T19:29:23.856002158Z,SPX   240517C05350000,B,23
2024-03-11T14:13:51.991242717Z,SPX   240315C05160000,S,246
2024-02-21T17:43:42.881935654Z,SPX   240315C04950000,S,40
2024-01-19T20:10:45.843740193Z,SPX   240315P04700000,B,350
2024-01-16T18:53:37.977967838Z,SPX   250117C04775000,S,11
2024-03-14T14:10:47.590293127Z,SPX   240621C05225000,S,33
2024-02-21T21:02:41.880621807Z,SPX   241220P04725000,B,22
2024-03-05T15:22:08.808555450Z,SPX   241220P03625000,B,393
2024-01-08T21:10:46.803098448Z,SPX   240216P04520000,B,144
2024-01-12T19:27:21.224568113Z,SPX   240119P04375000,S,2366
2024-03-13T19:19:01.615855731Z,SPX   240315C05210000,S,43
2024-02-23T20:01:11.551568173Z,SPX   240621P03400000,B,522
2024-02-20T18:01:35.639392573Z,SPX   240315C04975000,S,200
2024-01-18T18:59:25.172141695Z,SPX   240119P04720000,B,327
2024-03-14T18:18:13.246556042Z,SPX   240621C05220000,S,29
2024-02-23T15:16:34.435336917Z,SPX   240315C05120000,B,193
2024-03-05T20:44:49.472992490Z,SPX   240419P04875000,S,484
2024-01-19T21:04:38.977148800Z,SPX   240315C04870000,B,140
2024-02-09T19:26:04.332295684Z,SPX   240216P04970000,B,4
2024-01-18T18:27:17.396327177Z,SPX   240119C04750000,B,139
2024-03-20T16:58:44.112370730Z,SPX   240621P05240000,S,17
2024-01-05T19:20:34.892125431Z,SPX   240315P03640000,S,618
2024-02-22T19:22:09.696989105Z,SPX   240315C05210000,B,543
2024-02-12T17:27:35.310989534Z,SPX   240315C05065000,B,124
2024-01-29T17:27:30.932344884Z,SPX   250117P05025000,S,65
2024-03-13T18:18:07.374204065Z,SPX   251219C06200000,S,33
2024-02-12T19:51:22.147864856Z,SPX   240816P04550000,B,132
2024-02-02T17:59:50.007749374Z,SPX   240621C05100000,B,224
2024-01-04T19:28:27.757042131Z,SPX   240517P02875000,B,2610
2024-02-26T16:21:06.635013321Z,SPX   240419P03800000,S,133
2024-02-15T19:54:48.492889631Z,SPX   241220C05800000,B,52
2024-03-14T19:28:12.937649950Z,SPX   240517P05075000,S,79
2024-01-16T19:07:33.811093949Z,SPX   240920P03200000,B,131
2024-03-12T13:45:38.828483511Z,SPX   240315C05100000,B,22
2024-02-28T19:35:55.576630273Z,SPX   240315P05080000,B,258
2024-01-25T16:12:14.582172621Z,SPX   240315C04690000,S,86
2024-02-15T15:37:44.996789841Z,SPX   240216P04860000,B,51
2024-02-02T15:03:21.414236633Z,SPX   240216P04900000,B,1
2024-03-04T20:01:00.425562549Z,SPX   240419C05430000,S,906
2024-03-19T16:09:21.078810572Z,SPX   240621P05215000,S,25
2024-03-14T17:56:38.120047394Z,SPX   250117P05350000,S,51
2024-02-21T16:14:43.003339924Z,SPX   241220P04000000,B,65
2024-01-04T21:14:18.910415262Z,SPX   240119P04650000,B,4
2024-03-01T20:54:42.546059883Z,SPX   240315P05100000,B,263
2024-02-12T16:38:32.120562614Z,SPX   240816P04625000,S,128
2024-01-22T15:47:29.426707383Z,SPX   240216C05300000,S,634
2024-02-22T17:01:38.937407341Z,SPX   240621P04250000,B,70
2024-03-19T13:40:17.407030706Z,SPX   241220P05100000,S,201
2024-03-12T13:44:03.736635122Z,SPX   241220P04700000,B,99
2024-03-12T18:47:32.297731573Z,SPX   250321C05900000,B,13
2024-01-08T15:00:54.921085801Z,SPX   240621P04000000,S,423
2024-03-14T14:01:24.205176012Z,SPX   240816C04000000,S,31
2024-01-09T17:11:04.676573596Z,SPX   240119C04825000,B,653
2024-03-11T15:21:59.250769219Z,SPX   240315C05150000,S,33
2024-02-12T16:12:31.078414965Z,SPX   240315P03800000,S,686
2024-01-09T15:08:53.894618435Z,SPX   240119P04550000,S,564
2024-02-02T15:09:47.856632180Z,SPX   240315P03900000,S,163
2024-03-07T19:51:35.985623924Z,SPX   240315P04800000,S,1102
2024-03-07T19:44:20.436960244Z,SPX   240517C05400000,B,221
2024-01-12T19:40:20.665677975Z,SPX   240517C05030000,S,136
2024-01-08T18:45:09.561373890Z,SPX   240119P04510000,B,756
2024-02-15T17:06:49.543402922Z,SPX   240216C05005000,B,148
2024-01-11T15:03:38.181866524Z,SPX   240315C04810000,S,56
2024-02-09T14:49:04.938004204Z,SPX   240216P04945000,S,807
2024-02-23T18:08:39.488342692Z,SPX   240621C04800000,S,30
2024-01-17T18:21:23.105229545Z,SPX   240119P04510000,S,3048
2024-02-15T20:11:16.722400932Z,SPX   240216C04775000,S,2
2024-01-24T15:55:00.561522773Z,SPX   240621C04850000,B,97
2024-02-15T15:34:06.604164433Z,SPX   240419P04875000,B,34
2024-01-18T15:04:13.979795455Z,SPX   240119C04775000,B,107
2024-02-22T20:20:16.886838337Z,SPX   240517P05125000,B,4
2024-01-16T17:02:38.486199273Z,SPX   240315P04750000,B,218
2024-03-05T15:19:33.631831640Z,SPX   240315C05150000,B,260
2024-03-13T14:41:55.582680484Z,SPX   241115P01000000,B,506
2024-03-08T17:11:02.819205823Z,SPX   240920P04575000,S,28
2024-01-17T15:36:37.422609217Z,SPX   240315P04765000,S,104
2024-03-15T17:06:51.847025434Z,SPX   240419C05105000,S,40
2024-03-27T13:47:48.096353036Z,SPX   240419C05265000,S,45
2024-02-26T19:48:44.193416439Z,SPX   241115P05000000,S,90
2024-01-09T16:04:43.249382859Z,SPX   240621P03700000,B,360
2024-03-05T20:34:17.449717635Z,SPX   240621C05200000,S,11
2024-01-22T15:50:39.474638166Z,SPX   240216C05300000,S,612
2024-02-20T16:08:56.817093078Z,SPX   240419P04750000,S,237
2024-03-22T17:25:43.163891086Z,SPX   240719P04700000,B,857
2024-03-13T20:11:42.008075477Z,SPX   240517C05500000,S,955
2024-01-24T19:36:46.152465004Z,SPX   240216C06200000,S,2
2024-03-14T18:55:01.562995321Z,SPX   241115C07600000,S,305
2024-02-22T18:03:55.708363583Z,SPX   240315C05500000,B,844
2024-03-08T16:19:14.652911149Z,SPX   240419C04000000,S,32
2024-02-02T20:07:45.890059439Z,SPX   240315P04900000,S,39
2024-01-18T18:53:04.524214489Z,SPX   240621P04375000,S,583
2024-01-29T14:31:04.777108585Z,SPX   240216P04855000,S,143
2024-03-14T19:20:04.414386238Z,SPX   240315C05200000,B,270
2024-01-24T15:33:51.952327228Z,SPX   240315P04915000,B,83
2024-02-08T18:56:22.659378287Z,SPX   240419P04550000,B,787
2024-02-08T16:01:47.196855460Z,SPX   240315P04500000,B,5279
2024-02-02T20:19:35.849516071Z,SPX   240216C05060000,B,315
2024-01-09T21:05:36.096870673Z,SPX   240315C04795000,B,211
2024-02-07T14:45:07.208366319Z,SPX   240419P04750000,S,28
2024-01-22T19:48:58.710046788Z,SPX   250620P05500000,S,5
2024-03-08T20:58:30.099318932Z,SPX   240315P05025000,B,298
2024-01-31T20:31:44.509733842Z,SPX   240216P04780000,S,45
2024-02-29T19:13:19.320697803Z,SPX   240621P05175000,S,49
2024-02-22T18:56:08.441082370Z,SPX   240315P04800000,B,976
2024-03-05T19:56:14.051499410Z,SPX   240315P04775000,S,756
2024-01-17T21:01:58.720960454Z,SPX   240216P02725000,S,2388
2024-01-04T21:00:42.034675678Z,SPX   240315C05025000,S,12
2024-01-18T17:55:05.601797933Z,SPX   240119C04800000,S,2079
2024-02-14T20:44:37.353038943Z,SPX   240315P04875000,B,171
2024-02-23T16:26:07.292618890Z,SPX   240315P05025000,S,143
2024-02-07T20:56:09.748015967Z,SPX   240621P05075000,B,102
2024-03-07T20:26:50.690225613Z,SPX   240315P04900000,B,1280
2024-02-09T17:04:43.877483781Z,SPX   240315C05030000,B,140
2024-02-14T18:56:24.326196025Z,SPX   240216P04895000,S,174
2024-02-01T15:26:27.416133731Z,SPX   241115P04925000,B,7
2024-01-19T19:27:18.973563705Z,SPX   240315C04870000,S,72
2024-03-01T17:20:30.581453026Z,SPX   240419P04225000,B,592
2024-03-04T14:48:30.702583880Z,SPX   240419C05100000,S,58
2024-01-29T20:51:48.396613804Z,SPX   240216C05115000,B,933
2024-02-28T19:46:22.297828492Z,SPX   240315C05075000,S,45
2024-03-07T19:44:59.891048762Z,SPX   240315P04800000,B,99
2024-02-23T15:37:49.603770372Z,SPX   251219P02600000,B,32
2024-02-09T16:11:34.057655512Z,SPX   240920P05000000,B,4
2024-02-29T15:35:00.066542437Z,SPX   240621C05300000,S,503
2024-01-23T20:27:24.477940988Z,SPX   240621C04900000,B,196
2024-01-02T16:51:24.787330663Z,SPX   240315P04700000,B,133
2024-02-08T15:50:55.338482798Z,SPX   240216P04800000,B,2517
2024-01-24T17:46:23.984580940Z,SPX   241018C05800000,S,581
2024-01-25T15:53:28.684010817Z,SPX   240315P04425000,B,13
2024-03-28T19:59:05.066095696Z,SPX   240621P05030000,B,55
2024-01-29T17:24:21.082976527Z,SPX   240719P04550000,S,133
2024-02-09T18:33:53.371733784Z,SPX   240621C05050000,B,19
2024-02-26T15:52:12.625263372Z,SPX   240315P04680000,B,558
2024-03-20T19:30:06.896306746Z,SPX   240621P04100000,S,244
2024-02-23T16:28:16.345437032Z,SPX   240419P04980000,S,348
2024-02-15T17:27:28.718599961Z,SPX   240216C05020000,B,72
2024-01-08T18:11:44.940320362Z,SPX   240119C04800000,S,668
2024-02-22T15:14:43.776592060Z,SPX   240719C05100000,S,6
2024-03-25T15:45:36.860182243Z,SPX   240621C04250000,B,14
2024-01-08T18:02:21.051951337Z,SPX   240119C04750000,B,217
2024-03-15T19:46:02.345448289Z,SPX   240621C05550000,B,78
2024-01-02T19:37:01.409309313Z,SPX   240315P04600000,B,71
2024-01-02T14:42:23.360432647Z,SPX   240119P04625000,B,163
2024-01-18T20:53:39.802223243Z,SPX   240119P04755000,B,800
2024-02-13T16:29:03.026897201Z,SPX   240315P04600000,B,861
2024-01-24T20:11:21.498787525Z,SPX   240315P04910000,B,95
2024-03-12T17:13:24.523694268Z,SPX   240419P05000000,B,156
2024-01-17T15:29:30.161527988Z,SPX   240920P04000000,S,119
2024-02-13T15:46:51.739181401Z,SPX   240315P04855000,B,305
2024-03-22T13:38:30.642290132Z,SPX   240719P04450000,S,121
2024-02-27T14:41:31.547251998Z,SPX   240419C05400000,B,64
2024-03-04T20:16:15.581823142Z,SPX   240419C05375000,S,289
2024-01-17T18:49:01.461967907Z,SPX   240216P04480000,B,74
2024-03-01T19:32:57.764334544Z,SPX   241018C05600000,S,62
2024-03-14T19:51:41.335648912Z,SPX   240315C05170000,S,46
2024-02-15T14:47:46.025696766Z,SPX   240216C05030000,B,245
2024-01-05T16:28:18.529727886Z,SPX   240119C04975000,S,112
2024-01-30T20:03:17.913353305Z,SPX   250117C05800000,B,51
2024-03-14T18:32:26.844076975Z,SPX   240315C05155000,B,92
2024-01-09T18:22:39.716734870Z,SPX   240816P03500000,B,563
2024-03-20T18:41:26.016739187Z,SPX   240419C05300000,B,48
2024-01-02T18:35:50.609272293Z,SPX   240315P03900000,S,433
2024-02-22T19:23:45.484100180Z,SPX   240315P04975000,B,31
2024-03-14T14:30:10.563535657Z,SPX   240315C05140000,S,23
2024-02-20T15:50:52.458400175Z,SPX   240315P04550000,S,675
2024-03-20T14:53:17.033625676Z,SPX   240419P05170000,B,375
2024-03-20T18:01:48.912254710Z,SPX   240621P05150000,S,18
2024-01-22T15:09:13.460991252Z,SPX   240216P04400000,B,4158
2024-01-18T20:52:04.321370709Z,SPX   240119P04750000,B,1
2024-02-01T19:13:04.314700187Z,SPX   240719P04450000,S,457
2024-01-26T16:23:17.172890207Z,SPX   240315C04930000,S,19
2024-03-13T15:07:25.686108898Z,SPX   240419P05020000,B,8
2024-03-08T16:05:30.826569672Z,SPX   240315C05190000,S,138
2024-02-07T16:29:42.322886621Z,SPX   240419C05035000,B,63
2024-02-29T20:53:24.297887566Z,SPX   240419C05230000,S,588
2024-01-17T20:47:46.092043275Z,SPX   240216P04775000,B,341
2024-02-15T17:22:37.983460349Z,SPX   240216P05020000,B,20
2024-02-21T21:00:19.811416718Z,SPX   250117C05200000,B,45
2024-02-14T14:35:44.923211062Z,SPX   240216C05050000,S,84
2024-01-16T17:18:37.611937952Z,SPX   240816P04200000,B,10
2024-03-28T13:40:39.047887839Z,SPX   240517P05200000,B,27
2024-02-07T17:09:57.129447748Z,SPX   240315P04800000,S,674
2024-03-11T14:12:55.606607352Z,SPX   240315C05095000,B,71
2024-02-09T20:30:40.318581865Z,SPX   240315C05150000,S,226
2024-01-18T15:05:03.137180281Z,SPX   240315P04100000,S,2414
2024-02-22T15:54:46.307446463Z,SPX   240315P04920000,S,5
2024-01-23T17:59:09.324188592Z,SPX   240419P03000000,B,124
2024-02-22T20:27:52.675049629Z,SPX   240315P04900000,B,1229
2024-03-25T16:15:24.360977999Z,SPX   240621C05150000,B,96
2024-03-06T20:32:38.120285862Z,SPX   240315C04600000,B,153
2024-01-02T14:32:09.739646288Z,SPX   240216P04490000,S,157
2024-03-19T15:48:41.180400139Z,SPX   240517C04000000,S,17
2024-02-22T16:52:54.661432683Z,SPX   240315P05075000,B,81
2024-02-22T15:02:52.251561717Z,SPX   240419P04675000,S,1428
2024-01-18T15:59:28.482820228Z,SPX   240119C04795000,S,351
2024-01-12T18:05:09.266081391Z,SPX   240315P04810000,B,45
2024-01-23T14:56:54.283411378Z,SPX   240517P04025000,B,14
2024-01-08T20:52:25.604920125Z,SPX   241220P04375000,S,37
2024-03-18T19:00:21.065856950Z,SPX   240920P04100000,B,121
2024-01-02T16:07:40.735544332Z,SPX   240816P04500000,S,44
2024-01-23T15:37:45.765347246Z,SPX   240315C04885000,B,328
2024-02-01T17:11:30.639669148Z,SPX   240216P04800000,B,466
2024-01-19T20:47:29.984356678Z,SPX   240719P03375000,S,99
2024-03-07T19:39:12.051028705Z,SPX   240315P04550000,B,2806
2024-02-21T17:56:57.521241200Z,SPX   240419P04900000,B,80
2024-01-05T19:51:34.937835674Z,SPX   240419P03325000,B,155
2024-03-11T20:12:23.272408758Z,SPX   240315C05225000,B,48
2024-03-12T19:31:10.287548735Z,SPX   250117C06000000,S,39
2024-03-15T16:27:20.730286550Z,SPX   240419P04880000,S,1064
2024-03-08T18:11:35.185064762Z,SPX   240419P04800000,B,10
2024-03-12T14:15:13.053565897Z,SPX   240315P05000000,S,1
2024-02-09T14:51:53.865372215Z,SPX   240216P04985000,S,163
2024-03-27T15:59:54.647765648Z,SPX   241018P05300000,B,24
2024-02-01T19:31:40.534507972Z,SPX   240216P04845000,S,15
2024-02-09T17:31:48.203458167Z,SPX   240315P04700000,S,381
2024-02-15T20:55:01.448917692Z,SPX   240419P04885000,S,2
2024-03-14T19:28:00.580589534Z,SPX   240315C05190000,B,112
2024-01-29T19:35:20.948182404Z,SPX   240216P04650000,S,1637
2024-02-20T15:21:03.862643487Z,SPX   240315P04450000,B,321
2024-02-15T20:24:09.756536894Z,SPX   240621P02000000,B,2024
2024-03-14T19:34:54.303457507Z,SPX   240621P05195000,B,42
2024-01-26T17:23:32.757287296Z,SPX   240315P03900000,S,2948
2024-02-13T21:01:19.953216741Z,SPX   240719P04300000,B,1041
2024-02-15T18:29:54.970022365Z,SPX   240419P05025000,B,76
2024-02-06T15:41:19.972542844Z,SPX   240816C05300000,S,269
2024-01-18T19:42:20.986137691Z,SPX   240119P04760000,S,160
2024-02-13T14:34:44.492107692Z,SPX   240517C05225000,B,581
2024-02-12T17:54:41.836788752Z,SPX   240216C04980000,S,40
2024-01-08T17:03:01.022871996Z,SPX   240315P04760000,B,85
2024-01-09T14:38:41.817464557Z,SPX   240216C05150000,S,1653
2024-02-15T18:16:51.726361118Z,SPX   240216C05045000,S,132
2024-01-18T17:06:12.283631043Z,SPX   240216C04650000,B,187
2024-02-01T20:36:27.920826491Z,SPX   240216C05000000,S,888
2024-01-12T16:54:29.453442723Z,SPX   240119P04545000,B,300
2024-01-25T20:39:07.581807223Z,SPX   240315P04625000,S,27
2024-02-23T15:37:24.437048698Z,SPX   240315P04850000,S,1559
2024-02-20T15:58:49.166231369Z,SPX   241115P04400000,S,7
2024-02-15T18:08:08.237918811Z,SPX   240216C05020000,S,148
2024-02-28T21:07:52.155591313Z,SPX   240517C05400000,B,604
2024-02-14T15:32:36.884575067Z,SPX   240621P04900000,B,81
2024-01-30T15:26:42.771098984Z,SPX   240216P04775000,S,489
2024-01-22T15:02:09.556065735Z,SPX   240216C04925000,S,396
2024-01-23T20:05:59.811574935Z,SPX   240216P04685000,B,654
2024-02-27T14:51:42.970805650Z,SPX   240315P04800000,B,337
2024-02-13T20:34:22.518346174Z,SPX   240419C05100000,S,1008
2024-02-05T20:50:31.441145543Z,SPX   240517P03650000,B,635
2024-01-05T17:32:41.332081621Z,SPX   240517P04780000,S,45
2024-02-14T18:45:16.504052130Z,SPX   240315P03800000,B,140
2024-03-18T20:16:59.130762192Z,SPX   240621C05215000,B,61
2024-03-15T14:40:51.067021183Z,SPX   250321P04075000,S,22
2024-02-15T20:45:32.122055093Z,SPX   240216P04995000,S,95
2024-03-07T19:40:22.284008157Z,SPX   240315P04450000,B,1829
2024-01-24T18:48:30.425655226Z,SPX   240517P03250000,S,2329
2024-01-18T19:44:37.151245284Z,SPX   240119C04835000,S,327
2024-02-15T21:00:48.123397272Z,SPX   240216P04855000,B,179
2024-02-15T18:36:14.779485981Z,SPX   240216C05060000,B,22
2024-02-28T15:07:58.585261075Z,SPX   250221C05050000,B,80
2024-02-20T20:58:17.021999934Z,SPX   240816P04800000,B,1
2024-03-28T13:46:54.112365094Z,SPX   240621P05075000,B,331
2024-02-08T14:53:42.148902576Z,SPX   240315C05150000,S,345
2024-01-24T19:40:44.666055972Z,SPX   240315P04905000,B,179
2024-01-26T14:58:24.039141476Z,SPX   240315P04650000,S,796
2024-01-02T14:57:17.672350505Z,SPX   240315C05000000,S,31
2024-03-07T19:57:39.136612104Z,SPX   240419P04175000,S,549
2024-03-05T15:53:04.476657189Z,SPX   241018P04975000,B,104
2024-03-14T18:17:19.408100555Z,SPX   240816P04475000,B,21
2024-02-15T14:37:01.939098226Z,SPX   240216C05060000,S,197
2024-01-18T15:15:41.205135093Z,SPX   240119C04775000,B,109
2024-01-08T15:50:39.902451094Z,SPX   240719P03250000,S,648
2024-01-09T15:39:30.434738059Z,SPX   241220P03600000,B,49
2024-03-20T18:05:24.598177535Z,SPX   240621P04640000,S,432
2024-02-08T18:25:51.433574175Z,SPX   240621C04900000,S,128
2024-02-27T19:06:47.344303400Z,SPX   240315P05070000,B,39
2024-03-13T13:34:13.337871716Z,SPX   240621C05240000,B,6
2024-02-15T16:35:44.974681441Z,SPX   240216C05040000,S,677
2024-01-11T15:13:33.962317492Z,SPX   240216C04845000,B,484
2024-03-04T14:50:03.610899890Z,SPX   240621P05100000,S,131
2024-01-19T18:58:09.699155724Z,SPX   240315P04750000,S,24
2024-01-03T18:52:01.184440495Z,SPX   241220P04000000,S,369
2024-02-27T19:18:56.309787980Z,SPX   240419P04625000,S,1226
2024-01-18T16:07:17.805076440Z,SPX   240216C04950000,S,1715
2024-01-18T15:21:06.712320005Z,SPX   240216P04600000,S,426
2024-02-29T15:16:52.896564207Z,SPX   240419C05025000,S,113
2024-02-28T17:52:55.388793539Z,SPX   250117C03000000,S,6
2024-01-19T17:54:37.485391631Z,SPX   240216P04560000,S,204
2024-03-01T19:09:10.442239787Z,SPX   240315C05225000,B,618
2024-03-26T17:51:31.743480483Z,SPX   240621P05280000,S,53
2024-01-18T20:25:46.723515737Z,SPX   240119C04745000,S,6
2024-01-30T19:18:19.995783885Z,SPX   240216P04000000,S,532
2024-01-10T20:03:01.600384541Z,SPX   240621P03750000,S,493
2024-02-14T15:50:22.758530293Z,SPX   240517P04630000,S,434
2024-01-22T19:52:31.586275940Z,SPX   240216P04700000,B,651
2024-02-12T15:04:46.504908478Z,SPX   240315C05050000,S,160
2024-03-07T19:35:14.300544196Z,SPX   240315P04800000,B,58
2024-02-15T18:02:22.960406407Z,SPX   240216P04970000,B,162
2024-01-23T15:20:50.539303200Z,SPX   240315P03830000,S,1670
2024-02-09T19:59:30.953430435Z,SPX   240315P04450000,S,2708
2024-01-31T15:26:59.035646960Z,SPX   240315C04875000,B,25
2024-02-20T15:07:02.993603507Z,SPX   240315P04475000,B,1100
2024-02-12T14:38:33.755922901Z,SPX   240216P04980000,S,17
2024-01-10T19:52:31.111948318Z,SPX   241220C05700000,B,157
2024-01-16T19:31:45.147289351Z,SPX   241220P03000000,B,37
2024-03-21T14:09:33.984701995Z,SPX   241220C06000000,B,52
2024-01-08T17:34:23.386944852Z,SPX   240119C04900000,B,2434
2024-01-18T15:30:01.610242435Z,SPX   240216C05100000,B,302
2024-03-18T19:28:56.416175713Z,SPX   240621C05225000,B,25
2024-02-07T15:18:12.238173435Z,SPX   240315P04800000,B,451
2024-03-06T18:07:32.903211823Z,SPX   240419P05070000,S,348
2024-01-31T20:47:32.301691388Z,SPX   240315P04875000,S,229
2024-03-13T16:12:55.946040672Z,SPX   240621P04000000,S,949
2024-01-29T14:45:12.403760571Z,SPX   250321P05100000,B,195
2024-01-31T18:35:57.096487164Z,SPX   240315P04910000,B,39
2024-03-28T19:06:20.224981850Z,SPX   240419P05200000,B,481
2024-01-19T15:08:08.382935775Z,SPX   240216C04960000,S,65
2024-01-31T15:46:46.292983029Z,SPX   250321C05400000,B,141
2024-02-15T17:12:37.388960144Z,SPX   240216P04990000,S,28
2024-01-10T18:08:19.278806319Z,SPX   240315P04810000,B,108
2024-03-20T18:02:26.541387936Z,SPX   240419C05200000,S,64
2024-02-28T20:14:14.107654902Z,SPX   240621P04500000,B,6
2024-01-31T20:23:16.092860220Z,SPX   240315P04750000,S,386
2024-01-17T15:57:17.440673438Z,SPX   240621P04575000,S,164
2024-02-12T20:56:36.717234460Z,SPX   240315C05040000,B,114
2024-01-16T17:47:34.477690018Z,SPX   240621P04150000,B,190
2024-01-16T19:50:15.437101154Z,SPX   240119P04650000,S,202
2024-01-11T16:46:12.206554004Z,SPX   240216P04740000,B,95
2024-03-05T17:26:12.575190191Z,SPX   240517P04950000,S,167
2024-02-15T15:22:12.552956928Z,SPX   240216P04950000,S,229
2024-03-27T19:16:19.073786263Z,SPX   240719C05190000,B,6
2024-01-22T15:08:24.792404867Z,SPX   240216P04475000,S,3991
2024-02-16T14:54:14.298519258Z,SPX   240517C05240000,B,75
2024-02-12T20:30:58.325671305Z,SPX   240315P04320000,S,2816
2024-01-29T20:16:10.059192951Z,SPX   240517P04300000,S,277
2024-01-24T14:40:01.121019504Z,SPX   240719P04325000,B,152
2024-01-24T20:31:40.135568728Z,SPX   241115P05200000,S,29
2024-01-18T16:16:54.266890026Z,SPX   240119C04750000,S,298
2024-02-16T15:33:13.309771901Z,SPX   240419C04900000,S,128
2024-01-18T19:24:00.664617228Z,SPX   240119C04800000,S,235
2024-02-05T14:39:10.215920762Z,SPX   240419C05500000,S,451
2024-03-08T16:04:08.420050299Z,SPX   240315P05150000,B,8
2024-02-02T20:32:16.601479400Z,SPX   250117C06000000,S,168
2024-02-14T14:46:06.313187936Z,SPX   240315P04950000,B,145
2024-02-15T21:01:28.585639217Z,SPX   240517P04765000,S,18
2024-01-02T20:18:25.510226082Z,SPX   240315P04315000,S,48
2024-02-21T15:39:31.944878052Z,SPX   240315P03900000,B,201
2024-02-16T15:31:39.295465236Z,SPX   240315C05000000,B,162
2024-02-26T20:35:02.239032939Z,SPX   241220P05125000,B,45
2024-02-20T15:01:47.845947483Z,SPX   240315C05300000,B,801
2024-03-19T14:28:21.159847487Z,SPX   240419P04925000,S,183
2024-01-18T20:37:43.848642535Z,SPX   240315C04810000,S,10
2024-02-28T18:49:16.439193904Z,SPX   240621C04850000,B,238
2024-03-11T18:44:15.227007294Z,SPX   240419P04500000,S,1728
2024-02-09T16:26:32.750357728Z,SPX   240419P04400000,B,584
2024-02-02T15:25:20.517806016Z,SPX   240216C04990000,S,73
2024-03-26T19:39:32.495232084Z,SPX   240621P05285000,S,47
2024-02-15T17:24:53.172925257Z,SPX   240216P04550000,B,4155
2024-01-12T16:33:25.002414424Z,SPX   240119C04800000,S,207
2024-02-15T18:11:27.015554909Z,SPX   240216C05025000,S,1
2024-02-14T15:49:15.045751709Z,SPX   240419C05020000,S,47
2024-03-11T19:41:57.895048728Z,SPX   250117C05325000,B,150
2024-01-31T20:53:43.993054194Z,SPX   240315C04875000,S,74
2024-02-08T20:56:20.498328028Z,SPX   241220C05225000,S,1
2024-02-14T17:27:28.364471150Z,SPX   240315P04100000,S,4158
2024-01-23T15:47:34.175208311Z,SPX   240315P04880000,B,233
2024-02-02T20:29:57.297627400Z,SPX   240216P04820000,S,184
2024-03-05T19:33:18.221169021Z,SPX   241220P05300000,S,17
2024-01-16T21:13:45.273198127Z,SPX   240315P04800000,B,103
2024-01-02T16:37:36.611959186Z,SPX   240719P03850000,B,188
2024-01-22T15:12:21.006952708Z,SPX   240216P04500000,S,1387
2024-01-24T20:14:25.104158412Z,SPX   250321P05600000,B,8
2024-01-08T20:55:08.745620582Z,SPX   240216C04850000,S,339
2024-02-20T15:09:27.205783980Z,SPX   240315P04550000,B,696
2024-01-16T15:15:21.749808954Z,SPX   240816P04775000,S,19
2024-02-12T20:52:51.847487529Z,SPX   240517P04770000,S,22
2024-03-25T15:32:38.919668209Z,SPX   240621C04675000,B,114
2024-01-25T17:16:46.625845978Z,SPX   240419P04100000,S,235
2024-01-16T14:30:13.195171536Z,SPX   240119C04875000,S,754
2024-01-17T15:37:31.560440915Z,SPX   250117C04850000,S,65
2024-01-19T20:06:40.724422851Z,SPX   240517P04600000,S,461
2024-01-03T20:34:17.965261028Z,SPX   241220P05000000,B,63
2024-01-26T19:12:45.711720083Z,SPX   240216P04510000,S,1829
2024-03-19T16:42:29.352035961Z,SPX   240419P04755000,B,499
2024-03-22T16:45:38.910389405Z,SPX   240419P05100000,B,216
2024-01-18T21:08:58.664654113Z,SPX   240119C04775000,S,23
2024-01-30T14:41:26.318866310Z,SPX   240315P04950000,S,146
2024-01-31T20:08:11.453522274Z,SPX   240315C04000000,B,2
2024-03-01T17:34:38.751076229Z,SPX   240419C05250000,B,397
2024-02-26T21:01:58.507899023Z,SPX   240315C05085000,S,45
2024-03-14T15:23:11.756406818Z,SPX   240315C05170000,S,261
2024-02-14T15:16:08.677686788Z,SPX   240621C05600000,B,653
2024-01-23T20:00:24.682034593Z,SPX   240315C05050000,B,640
2024-01-09T15:10:52.177606105Z,SPX   241220P03500000,B,73
2024-03-15T17:19:00.422965824Z,SPX   240621P04300000,S,1113
2024-02-22T18:41:14.764272688Z,SPX   241220C05300000,S,5
2024-01-03T16:18:40.576460091Z,SPX   240315P02800000,S,346
2024-01-30T19:35:40.341527642Z,SPX   250620P05400000,B,50
2024-01-10T15:32:38.958776890Z,SPX   240119P04645000,S,1865
2024-01-29T21:02:00.971499031Z,SPX   240315C05000000,B,173
2024-01-18T17:28:40.599068903Z,SPX   240216P04500000,S,2019
2024-03-26T13:57:13.488964302Z,SPX   240621P04800000,S,311
2024-02-02T20:49:38.619329461Z,SPX   240517P04425000,B,305
2024-02-09T17:42:12.309826202Z,SPX   241220P04900000,B,118
2024-02-16T19:40:17.205389247Z,SPX   240315C05050000,S,37
2024-02-02T19:20:22.980557642Z,SPX   240621C04900000,S,61
2024-01-16T17:48:00.458737996Z,SPX   240216P04600000,S,1085
2024-02-16T17:02:12.969734185Z,SPX   240315C05055000,B,102
2024-03-25T19:45:38.114670458Z,SPX   240621P03525000,S,180
2024-02-15T17:38:50.410211938Z,SPX   240216P04985000,S,14
2024-01-19T14:59:47.880811583Z,SPX   240216C04830000,S,146
2024-03-14T19:43:01.144970851Z,SPX   240315P04900000,B,213
2024-02-09T18:59:20.891811902Z,SPX   240315P05035000,S,53
2024-03-28T19:37:53.202393584Z,SPX   240719P05000000,B,8
2024-01-25T16:44:55.599727205Z,SPX   241018P04400000,B,697
2024-03-13T18:47:45.736042524Z,SPX   240419P04510000,B,556
2024-01-31T16:13:17.250107887Z,SPX   240315P04700000,B,704
2024-03-01T15:31:40.377895455Z,SPX   240315P04605000,B,3838
2024-02-16T15:23:42.115290099Z,SPX   240315C05100000,S,472
2024-01-04T17:44:27.898281814Z,SPX   240119C04825000,B,37
2024-01-29T17:27:05.130954726Z,SPX   240315C04920000,S,30
2024-02-07T18:02:44.715039799Z,SPX   250117P04725000,B,25
2024-01-08T20:53:01.078309729Z,SPX   240719P04100000,B,285
2024-02-05T15:10:31.274819205Z,SPX   240216P04930000,S,247
2024-03-25T19:45:29.779006783Z,SPX   240621C05275000,S,22
2024-03-07T18:46:28.499748515Z,SPX   240315P04475000,S,2559
2024-02-07T20:32:56.912908059Z,SPX   240315P05015000,B,123
2024-02-22T20:19:46.293316203Z,SPX   240517P05140000,B,197
2024-01-19T16:37:12.702322840Z,SPX   240216P03560000,S,3142
2024-02-01T17:47:03.164030430Z,SPX   240419P03900000,B,2673
2024-03-28T14:01:45.955290280Z,SPX   240419P05050000,B,432
2024-02-13T20:29:12.834778420Z,SPX   240216P04900000,B,80
2024-01-22T15:28:11.462765196Z,SPX   240216P04500000,S,955
2024-02-22T16:28:56.167017148Z,SPX   240719C05000000,S,67
2024-01-05T20:54:46.638813254Z,SPX   240315C04815000,B,173
2024-02-23T14:44:23.249812800Z,SPX   240315C05120000,S,63
2024-02-22T16:24:04.495471082Z,SPX   240315C05125000,S,679
2024-02-26T16:13:05.738935980Z,SPX   240816P04200000,S,57
2024-02-21T21:15:03.877075996Z,SPX   240621C04075000,B,3
2024-02-14T17:23:22.241632529Z,SPX   240419P04890000,B,577
2024-03-21T19:22:45.563955303Z,SPX   240621P04600000,B,19
2024-02-22T16:24:04.495466217Z,SPX   240315C05100000,S,362
2024-02-15T17:56:15.416492737Z,SPX   240216C05025000,S,153
2024-03-05T20:16:53.071338573Z,SPX   240621C05100000,B,21
2024-03-01T18:54:22.392130949Z,SPX   250321C05100000,B,19
2024-02-09T15:11:18.419564582Z,SPX   240315P05025000,S,2
2024-03-08T15:29:39.009501886Z,SPX   240419C05400000,B,32
2024-03-28T20:07:52.900888721Z,SPX   240419P03580000,B,83
2024-01-08T16:51:38.014842122Z,SPX   240315P04650000,B,144
2024-02-08T14:40:26.115380693Z,SPX   240216P04965000,B,22
2024-01-11T19:51:27.328224101Z,SPX   240216P04845000,S,122
2024-01-02T14:37:20.046660682Z,SPX   240621P03400000,S,22
2024-01-16T15:16:13.979073186Z,SPX   240920P04600000,S,41
2024-02-06T16:35:34.317197782Z,SPX   240621P05250000,S,7
2024-01-16T18:58:04.148072713Z,SPX   240216P03800000,S,3375
2024-01-18T15:25:30.216634713Z,SPX   240119P04105000,S,5
2024-01-18T16:45:24.542904529Z,SPX   240119C04825000,S,648
2024-02-01T20:59:42.132465324Z,SPX   240216C05080000,S,1448
2024-03-14T17:32:09.149763537Z,SPX   240315C05190000,S,725
2024-02-13T19:56:52.585751722Z,SPX   240216C05000000,B,1434
2024-03-15T17:15:56.446630691Z,SPX   241018P04600000,S,42
2024-03-20T19:47:46.338000187Z,SPX   240621P05290000,S,13
2024-01-18T18:13:33.994907612Z,SPX   240419C04675000,S,31
2024-03-01T15:08:24.274937115Z,SPX   240419P04900000,B,78
2024-02-28T15:10:57.200038688Z,SPX   240419P04600000,B,769
2024-03-14T13:47:11.994861722Z,SPX   240315P05120000,S,96
2024-01-22T16:02:53.788906979Z,SPX   240621P04700000,S,20
2024-02-29T20:11:08.667263863Z,SPX   240621P04900000,B,115
2024-03-18T13:32:01.223483425Z,SPX   240419P04750000,S,151
2024-03-14T17:12:38.462364448Z,SPX   240315P05120000,S,82
2024-03-26T14:10:55.509574145Z,SPX   240419C04900000,S,69
2024-02-06T19:34:30.674729101Z,SPX   240517P03450000,S,1071
2024-01-24T17:09:58.337224467Z,SPX   240315C05000000,S,135
2024-03-21T18:57:08.065852564Z,SPX   240517P04915000,S,34
2024-02-20T17:13:10.640161893Z,SPX   240920P03700000,B,225
2024-03-14T14:00:46.186672807Z,SPX   250620P04700000,S,100
2024-01-18T19:21:02.145070565Z,SPX   240119P04750000,S,17
2024-03-28T18:55:08.069492478Z,SPX   240816P05050000,B,112
2024-01-26T15:09:38.495516832Z,SPX   240621P03700000,B,73
2024-01-02T17:11:12.089781901Z,SPX   240315P04050000,S,3623
2024-01-16T16:36:05.106740954Z,SPX   240216C04650000,S,270
2024-01-25T15:38:16.484532700Z,SPX   240315C05000000,B,100
2024-01-12T20:50:18.730140213Z,SPX   240315P03350000,S,1309
2024-01-18T14:40:04.865853387Z,SPX   240119C04750000,S,6
2024-01-29T20:34:36.289927957Z,SPX   240920P04475000,B,352
2024-02-13T14:35:16.747657472Z,SPX   240315C05475000,B,480
2024-01-25T16:05:44.977729359Z,SPX   240621P03450000,B,1018
2024-01-18T18:11:14.156231528Z,SPX   240119C04780000,S,1245
2024-03-07T14:32:16.227600476Z,SPX   240419P04900000,B,1077
2024-03-07T19:27:54.993484012Z,SPX   240315P04900000,S,94
2024-01-22T15:26:25.720528296Z,SPX   240216P04400000,S,2777
2024-02-14T16:02:52.524804745Z,SPX   240216P04910000,B,63
2024-02-23T20:44:09.132981225Z,SPX   240517P04650000,S,792
2024-02-06T21:07:54.811690822Z,SPX   241115P04975000,S,227
2024-01-24T19:16:10.858979474Z,SPX   240315P04915000,B,156
2024-02-22T16:25:13.733040683Z,SPX   240315P04900000,B,919
2024-02-12T20:59:54.108551101Z,SPX   240621C05500000,B,98
2024-03-14T16:25:27.540946420Z,SPX   240419C05275000,S,104
2024-01-16T16:54:39.510749548Z,SPX   250321C04950000,S,1
2024-03-07T20:24:56.542360369Z,SPX   240315P04750000,B,1406
2024-02-22T15:56:33.238012789Z,SPX   240621P04900000,S,49
2024-02-12T17:01:36.774066320Z,SPX   240315P04900000,S,34
2024-01-11T15:18:22.804950115Z,SPX   240315P04790000,B,24
2024-02-01T20:54:04.134833927Z,SPX   261218C06400000,S,44
2024-03-13T13:53:23.112101916Z,SPX   240621C05235000,S,14
2024-03-21T14:28:07.427048262Z,SPX   240419C05700000,S,102
2024-01-19T17:51:53.317932034Z,SPX   240517P04500000,B,709
2024-02-21T18:22:19.991357291Z,SPX   240315P03300000,B,2806
2024-01-19T19:45:40.846301550Z,SPX   240315P04500000,S,816
2024-02-15T19:50:18.961747246Z,SPX   240315P05025000,B,249
2024-03-04T16:07:48.859738559Z,SPX   240315P05140000,S,218
2024-03-20T18:19:34.847170562Z,SPX   240419C05140000,S,105
2024-02-15T18:03:15.086485775Z,SPX   240216C05025000,S,17
2024-01-16T15:20:04.903770972Z,SPX   240315C05100000,B,703
2024-03-14T16:53:33.893995739Z,SPX   240315P05090000,S,409
2024-01-05T20:31:58.809332997Z,SPX   240816C04875000,S,45
2024-02-29T21:05:37.062102264Z,SPX   240419P04100000,S,207
2024-01-24T14:53:49.458514185Z,SPX   250117C04900000,B,20
2024-01-22T14:42:17.968196436Z,SPX   240216C04900000,B,175
2024-01-17T20:45:00.134161196Z,SPX   240315P04315000,B,112
2024-02-22T15:07:50.553419136Z,SPX   240315P04775000,S,109
2024-02-07T20:06:24.274010363Z,SPX   240216P04935000,B,287
2024-02-22T14:30:02.617600696Z,SPX   240315P04720000,S,492
2024-01-17T20:15:14.378166252Z,SPX   240517P04400000,B,206
2024-02-12T20:16:24.668011664Z,SPX   240419C05200000,S,1331
2024-03-07T18:41:04.422361555Z,SPX   240315P05160000,S,240
2024-03-27T17:21:20.178028276Z,SPX   240621P05275000,S,29
2024-01-11T20:35:22.494983702Z,SPX   240216C04800000,S,180
2024-02-07T19:43:38.522631814Z,SPX   240920P04600000,B,99
2024-01-22T14:54:11.800194653Z,SPX   240216P04500000,S,1684
2024-01-19T17:23:01.544824479Z,SPX   240621C04800000,S,111
2024-01-17T18:21:43.396027509Z,SPX   240119P04720000,B,15
2024-03-14T15:46:00.475558893Z,SPX   240315P05085000,S,55
2024-03-14T14:17:36.572307662Z,SPX   240315P05085000,S,3
2024-02-27T19:38:24.170112196Z,SPX   240315P04950000,S,95
2024-01-03T19:59:11.216561793Z,SPX   240419P03425000,B,611
2024-03-14T19:41:12.612175987Z,SPX   240315P05050000,S,260
2024-01-08T16:03:40.147912462Z,SPX   240719P04300000,B,94
2024-03-11T19:46:42.890909237Z,SPX   240621P05190000,S,51
2024-02-09T21:04:56.472029979Z,SPX   240419P04400000,B,1070
2024-03-04T18:14:23.481909668Z,SPX   240920P04075000,B,356
2024-01-12T15:14:03.998459712Z,SPX   240119C04800000,S,69
2024-01-18T16:33:19.549059862Z,SPX   240119P04735000,S,1749
2024-03-07T18:07:59.940708822Z,SPX   240419P05000000,B,51
2024-01-24T20:29:08.503024469Z,SPX   240216P04790000,B,451
2024-03-12T15:15:10.289204325Z,SPX   240315C04475000,S,15
2024-01-22T14:58:56.751469803Z,SPX   240216P04475000,B,694
2024-01-17T18:48:33.694187271Z,SPX   240315C04800000,B,78
2024-01-02T14:54:23.106352094Z,SPX   240119C04925000,S,145
2024-02-02T18:47:40.264290255Z,SPX   240719P04500000,S,445
2024-02-12T20:40:00.442838712Z,SPX   240216P04990000,B,18
2024-03-21T19:38:55.300717884Z,SPX   240621P05000000,S,569
2024-01-26T14:44:57.347607668Z,SPX   240517P04550000,S,996
2024-03-08T17:44:01.480821198Z,SPX   240315P05075000,S,121
2024-02-14T15:19:39.648770534Z,SPX   240315P04750000,B,87
2024-02-21T19:55:14.449477347Z,SPX   240920P04700000,B,71
2024-03-14T15:57:02.399793345Z,SPX   240315P05150000,B,178
2024-03-25T18:19:32.532962933Z,SPX   240816C05425000,B,87
2024-02-09T15:37:05.533067297Z,SPX   241115P04125000,S,185
2024-02-29T19:41:39.375581076Z,SPX   240419C05325000,S,1457
2024-03-25T14:52:42.351679863Z,SPX   240621P05285000,B,98
2024-02-08T17:52:17.669591133Z,SPX   250321P05100000,S,87
2024-02-09T16:31:04.891727174Z,SPX   240315P04800000,B,2097
2024-01-24T16:00:01.779313088Z,SPX   240315C05190000,B,632
2024-02-07T14:35:18.496726361Z,SPX   240315C05050000,S,64
2024-03-12T17:13:52.031906247Z,SPX   240315P05075000,S,107
2024-01-30T19:13:49.868398688Z,SPX   240315P04450000,B,1168
2024-01-30T20:20:41.268221422Z,SPX   240216P04605000,B,2664
2024-02-26T15:50:56.299910874Z,SPX   250620P03700000,B,120
2024-01-19T16:14:25.509672900Z,SPX   240216P03570000,S,3077
2024-02-21T14:39:26.312183703Z,SPX   240315P04935000,B,200
2024-01-31T20:03:55.440577848Z,SPX   250321C04850000,S,37
2024-02-16T18:56:59.515365715Z,SPX   240315P04275000,S,766
2024-01-04T15:16:47.268714430Z,SPX   240119P04725000,B,187
2024-02-21T15:13:01.928332025Z,SPX   240816P04400000,B,151
2024-01-03T14:57:04.187156045Z,SPX   240119P04000000,S,1193
2024-02-27T19:03:45.637612341Z,SPX   241018C05300000,S,34
2024-01-18T19:28:22.432409112Z,SPX   240419P04750000,B,105
2024-01-17T19:44:12.831490940Z,SPX   240216P04000000,B,4364
2024-03-01T16:06:57.364672632Z,SPX   240920C05300000,B,19
2024-03-12T16:23:28.273894302Z,SPX   240419P04675000,S,2403
2024-03-20T19:15:02.911549811Z,SPX   240621P05280000,B,61
2024-01-03T16:20:52.008230262Z,SPX   240315P04650000,S,335
2024-03-08T17:33:33.752278522Z,SPX   240920P04575000,B,117
2024-02-06T16:09:03.881319944Z,SPX   240719P05075000,B,1
2024-01-26T20:56:23.700604393Z,SPX   240419P03730000,B,85
2024-01-18T20:58:48.563874089Z,SPX   240119C04775000,S,10
2024-02-13T16:28:52.331422475Z,SPX   240920C04825000,B,1
2024-03-26T16:43:31.137685702Z,SPX   240621P05290000,S,42
2024-03-08T15:36:16.193446204Z,SPX   240920P05075000,S,4
2024-03-08T14:51:49.128368051Z,SPX   240419P04050000,S,95
2024-01-11T14:47:31.132707170Z,SPX   240119P04550000,S,3727
2024-02-20T16:51:46.292306591Z,SPX   240419P04920000,B,12
2024-02-07T15:35:44.977889682Z,SPX   240315C05150000,S,559
2024-03-13T17:09:28.277252241Z,SPX   240621P06200000,B,1
2024-01-03T16:34:43.184052612Z,SPX   240816C05200000,S,108
2024-03-07T19:23:19.588388759Z,SPX   240315P04800000,B,133
2024-02-28T15:07:11.649371929Z,SPX   251219P04600000,S,58
2024-02-26T17:57:43.837345756Z,SPX   250221C06200000,B,54
2024-01-23T20:07:37.557655715Z,SPX   240315C05030000,S,38
2024-02-06T20:17:29.198514043Z,SPX   250321C04050000,B,23
2024-01-22T17:37:44.621369458Z,SPX   240315P04650000,S,1005
2024-02-09T19:12:22.688499662Z,SPX   240216P04625000,B,471
2024-01-24T18:15:40.514899089Z,SPX   240419P04950000,S,1
2024-03-11T17:18:16.333101788Z,SPX   240621C05550000,S,47
2024-01-18T19:27:13.719070335Z,SPX   240119C04785000,S,157
2024-01-18T14:46:57.121863126Z,SPX   240621P04350000,S,132
2024-01-22T15:03:31.848701902Z,SPX   240315P04325000,S,3883
2024-03-28T16:25:15.855850409Z,SPX   240621P04120000,B,30
2024-02-07T17:41:25.572752890Z,SPX   240315C05400000,B,1702
2024-03-11T15:55:08.310801597Z,SPX   240315C05195000,S,55
2024-01-25T19:01:37.810438276Z,SPX   240315C04910000,S,103
2024-03-14T19:09:11.279656130Z,SPX   240315P05150000,S,12
2024-02-15T20:49:57.322444900Z,SPX   240315C05310000,S,35
2024-03-12T13:59:06.350271646Z,SPX   240315C05150000,S,18
2024-02-26T18:57:26.322530235Z,SPX   240315C05090000,S,149
2024-01-11T18:39:00.056348396Z,SPX   240119C04750000,B,181
2024-02-06T15:37:17.993448039Z,SPX   240517P04125000,B,32
2024-03-22T18:11:00.960748023Z,SPX   240621P04100000,B,1350
2024-01-09T19:24:37.866109996Z,SPX   240119P04540000,S,2336
2024-01-24T20:10:21.430978229Z,SPX   240621C05000000,S,244
2024-02-09T19:59:19.626436422Z,SPX   240315P04450000,B,1629
2024-03-26T13:42:03.415687177Z,SPX   240719C05125000,S,3
2024-01-18T19:24:54.860215562Z,SPX   240119C04770000,S,42
2024-03-15T16:38:39.193744760Z,SPX   240621P03350000,S,715
2024-03-14T20:04:03.852216360Z,SPX   240315P05065000,S,96
2024-02-06T20:33:28.621037100Z,SPX   250117C05475000,B,58
2024-02-05T20:44:27.285480867Z,SPX   240517P03075000,B,43
2024-02-13T20:17:25.028129955Z,SPX   240621C05900000,S,13
2024-01-16T20:05:02.076438560Z,SPX   240419P04500000,B,493
2024-02-26T20:20:59.929563865Z,SPX   241115C05250000,B,16
2024-01-05T20:13:05.110555179Z,SPX   251219C07000000,B,135
2024-02-15T19:26:32.671634448Z,SPX   240216P05025000,S,98
2024-03-18T17:15:01.253738559Z,SPX   240517P04885000,B,6
2024-02-02T16:51:16.261465051Z,SPX   240216P04650000,S,1442
2024-03-12T13:30:02.514266355Z,SPX   240517P04600000,S,177
2024-01-17T19:30:32.007706908Z,SPX   240216P03175000,S,323
2024-01-05T16:36:27.900207031Z,SPX   240119P04710000,S,70
2024-03-28T16:22:46.766595874Z,SPX   240517P04700000,S,501
2024-01-11T15:03:38.183204974Z,SPX   240315P04810000,S,52
2024-01-02T17:47:49.221968360Z,SPX   240216C05015000,B,1177
2024-02-22T20:45:53.089181727Z,SPX   241220C05200000,B,11
2024-02-06T16:54:45.101003640Z,SPX   240216P04600000,B,253
2024-02-01T17:48:52.559842592Z,SPX   240315C04775000,B,206
2024-01-05T19:54:16.320258715Z,SPX   240216C04940000,B,1012
2024-02-05T15:47:53.276581970Z,SPX   240216C04730000,S,114
2024-01-04T21:06:33.643170643Z,SPX   240119P03575000,S,1
2024-01-22T20:12:27.670982001Z,SPX   240419P03750000,B,697
2024-02-15T20:34:16.474877654Z,SPX   240315C05300000,S,558
2024-01-09T15:17:46.820026443Z,SPX   240315P04780000,B,96
2024-03-04T14:42:24.221775896Z,SPX   240419P04975000,S,283
2024-02-16T16:39:51.159280198Z,SPX   240621P04900000,B,165
2024-01-10T16:42:02.762939175Z,SPX   240315P04190000,B,2256
2024-03-26T14:30:20.425905004Z,SPX   240816P04410000,B,56
2024-01-24T15:32:07.191680939Z,SPX   241018C05600000,B,165
2024-01-18T16:53:52.309957483Z,SPX   240119P04710000,B,416
2024-02-26T14:31:03.897117220Z,SPX   240315P05025000,S,564
2024-03-08T15:45:45.510178182Z,SPX   240419P04550000,B,618
2024-02-09T18:38:49.795334424Z,SPX   240419P04900000,S,649
2024-01-02T19:54:27.222009654Z,SPX   240920P04100000,B,128
2024-01-02T18:08:32.426909396Z,SPX   240216C05015000,S,1117
2024-01-17T16:56:51.530034156Z,SPX   240315P03750000,B,4606
2024-02-02T20:29:40.977150096Z,SPX   240816C05225000,S,70
2024-03-18T13:40:25.026400628Z,SPX   240419P05125000,B,41
2024-03-05T19:56:11.895286956Z,SPX   240315P04775000,B,252
2024-01-18T17:27:01.516430701Z,SPX   240119P04730000,B,325
2024-01-09T16:20:37.545685710Z,SPX   240119C04875000,S,1148
2024-02-23T20:54:46.307185597Z,SPX   240315C05260000,S,1210
2024-01-12T15:20:06.379577119Z,SPX   240119C04800000,S,241
2024-02-27T14:39:34.681345789Z,SPX   240419C04900000,S,83
2024-01-02T14:38:55.598351739Z,SPX   240621P04410000,B,33
2024-01-18T18:53:57.373016766Z,SPX   240315P04740000,S,129
2024-03-08T14:31:19.172494221Z,SPX   240419P05155000,S,30
2024-01-18T20:42:28.955917700Z,SPX   240119P04745000,S,349
2024-01-08T17:49:34.806164506Z,SPX   240315P03750000,B,1582
2024-03-06T17:04:28.834915418Z,SPX   240719P05390000,S,1
2024-03-14T14:48:53.232273574Z,SPX   240621P05220000,B,54
2024-02-02T15:32:31.183397919Z,SPX   240315C04945000,B,48
2024-03-22T16:24:46.255853090Z,SPX   240621C05300000,B,83
2024-01-08T17:37:44.236815866Z,SPX   240216C04810000,S,32
2024-01-09T15:56:46.368184948Z,SPX   240119C04700000,B,40
2024-02-08T20:43:19.776451168Z,SPX   240315C04850000,S,19
2024-02-28T20:19:45.715357579Z,SPX   241115C06000000,S,159
2024-01-26T19:19:52.779478643Z,SPX   240315C04915000,B,415
2024-01-25T20:59:28.703904311Z,SPX   240419P04750000,S,259
2024-03-14T19:37:53.504938709Z,SPX   240315C05175000,B,3
2024-01-30T16:20:44.953656093Z,SPX   240216P04200000,B,41
2024-02-08T16:17:44.551013800Z,SPX   240517P04810000,B,423
2024-01-08T15:29:35.258068903Z,SPX   240315P04755000,S,61
2024-01-31T15:03:33.425880768Z,SPX   250620C07200000,B,53
2024-01-02T15:52:54.884351467Z,SPX   240216P04300000,S,228
2024-03-07T19:33:42.060035417Z,SPX   240315P04550000,B,712
2024-01-19T20:19:25.159992595Z,SPX   240419P04725000,B,39
2024-01-12T17:32:11.433950309Z,SPX   240920P04475000,B,199
2024-01-31T19:08:29.556512691Z,SPX   250117P05550000,B,4
2024-02-08T21:05:57.148879573Z,SPX   240216P04700000,B,1007
2024-01-18T15:13:25.126596188Z,SPX   240119C04775000,B,271
2024-02-14T17:02:16.189685680Z,SPX   240315C04980000,S,127
2024-03-20T20:03:12.837068198Z,SPX   240816P04975000,B,57
2024-01-03T21:13:41.326236353Z,SPX   241220P03000000,B,55
2024-02-13T19:29:02.364209672Z,SPX   240419C05290000,S,1624
2024-01-18T15:30:00.280653292Z,SPX   240315C04390000,B,50
2024-02-07T20:53:48.607576450Z,SPX   240315C05015000,S,137
2024-03-08T20:10:33.337889768Z,SPX   240719C04900000,B,6
2024-01-25T19:45:40.703065292Z,SPX   240315P04750000,B,506
2024-01-31T20:59:21.007953866Z,SPX   240315C04875000,S,129
2024-01-18T15:29:36.149983921Z,SPX   240119P04715000,S,497
2024-02-20T18:48:53.437512884Z,SPX   240621P04660000,S,191
2024-01-25T15:37:56.952181680Z,SPX   240315P04000000,B,203
2024-03-07T19:23:34.895797798Z,SPX   240920P04600000,B,10
2024-02-15T19:26:56.011943129Z,SPX   240216C05070000,S,191
2024-03-11T13:53:33.244487945Z,SPX   240315C05180000,B,246
2024-01-05T15:17:49.973864524Z,SPX   240216P04400000,B,214
2024-01-24T15:15:27.316254040Z,SPX   240419P04525000,B,66
2024-02-13T16:55:16.723185160Z,SPX   240621P04400000,S,95
2024-03-11T17:42:57.831566357Z,SPX   240315P05050000,S,53
2024-02-05T14:45:49.732731779Z,SPX   250117P04600000,B,7
2024-01-24T16:22:20.864630210Z,SPX   240216C04840000,B,250
2024-01-25T18:41:02.317995835Z,SPX   240216P04905000,B,16
2024-01-12T18:50:27.774888894Z,SPX   240419P04715000,S,117
2024-01-31T14:51:37.450420765Z,SPX   240517C05350000,B,78
2024-03-01T17:35:49.226641686Z,SPX   241220P05200000,B,27
2024-03-11T16:50:00.975645219Z,SPX   240315P05085000,B,46
2024-01-30T16:40:59.995686932Z,SPX   240816P04600000,S,94
2024-01-22T20:46:37.611244743Z,SPX   240419P03475000,S,56
2024-03-14T14:47:31.640989267Z,SPX   240315P05080000,B,118
2024-01-29T20:53:43.639758154Z,SPX   250321C06400000,B,259
2024-02-29T16:38:05.631112302Z,SPX   240419C05250000,S,4
2024-03-14T13:57:34.380701370Z,SPX   240315P05130000,B,20
2024-01-17T15:28:06.458119354Z,SPX   240315P04200000,B,317
2024-02-22T18:41:08.151110402Z,SPX   240315P05050000,S,469
2024-03-26T19:50:18.512947770Z,SPX   241220C05500000,S,40
2024-03-07T19:16:31.877394578Z,SPX   240315P04450000,B,1529
2024-03-21T16:45:11.849563306Z,SPX   240517C05700000,B,709
2024-01-03T15:19:24.387996768Z,SPX   240216C04660000,B,78
2024-01-30T20:29:11.622432445Z,SPX   240315C05275000,S,2022
2024-03-11T15:47:17.751057484Z,SPX   240621C05200000,B,15
2024-03-04T15:23:51.762217027Z,SPX   240719P04350000,S,539
2024-02-14T19:34:21.767013042Z,SPX   240315P04700000,S,667
2024-01-17T20:59:52.938489713Z,SPX   240216P04560000,S,694
2024-03-14T16:37:02.107795988Z,SPX   240315P05145000,B,72
2024-02-16T16:30:41.265237257Z,SPX   240621P04625000,S,341
2024-01-19T19:19:50.203982839Z,SPX   240315P04650000,B,139
2024-01-18T19:15:48.114695904Z,SPX   240119C04800000,S,15
2024-01-30T15:25:35.366084053Z,SPX   240816P03425000,B,89
2024-03-21T13:44:54.550981168Z,SPX   240621C05400000,S,27
2024-01-22T17:55:05.792088894Z,SPX   240419P04220000,S,1377
2024-03-05T18:32:02.551203084Z,SPX   241018P04750000,B,190
2024-02-16T16:43:44.096464399Z,SPX   240315P04350000,B,1402
2024-03-14T13:56:43.596356837Z,SPX   240315C05210000,B,2390
2024-02-26T16:19:58.873618923Z,SPX   240621P02850000,S,193
2024-02-09T16:39:13.860204597Z,SPX   240419C05220000,S,21
2024-02-15T18:07:30.725844341Z,SPX   240216C05050000,S,179
2024-02-14T20:07:28.628674375Z,SPX   241018P04475000,B,250
2024-02-02T15:00:39.907949265Z,SPX   240419P04650000,S,502
2024-02-14T16:19:30.512379646Z,SPX   240216P04875000,B,58
2024-02-15T15:13:31.218074594Z,SPX   240315P05025000,B,41
2024-03-05T15:39:23.389389322Z,SPX   240315C05095000,S,251
2024-02-27T14:51:01.219862867Z,SPX   240419P03750000,S,479
2024-03-15T16:32:45.946422647Z,SPX   240621P03750000,B,694
2024-03-05T16:52:43.352287813Z,SPX   240621P04475000,B,106
2024-01-24T16:15:07.723471871Z,SPX   240621P04950000,B,149
2024-01-11T19:35:46.934891247Z,SPX   240119P04500000,B,1828
2024-02-20T19:39:38.477704098Z,SPX   240315P04550000,B,2205
2024-03-07T14:54:41.266671196Z,SPX   240621C05200000,B,88
2024-02-14T18:42:55.538827632Z,SPX   240216P04925000,S,166
2024-01-23T17:59:27.458234291Z,SPX   240315C04900000,S,38
2024-02-07T20:58:10.432171990Z,SPX   240621C05050000,S,218
2024-01-26T20:21:06.643456856Z,SPX   240517C05025000,S,36
2024-01-17T15:26:34.394000206Z,SPX   240315C04750000,S,150
2024-02-15T19:11:42.983331957Z,SPX   240216C05050000,B,259
2024-01-17T20:03:04.261867522Z,SPX   240119P04720000,S,34
2024-01-22T17:37:45.329215402Z,SPX   240216P04225000,B,27
2024-02-15T20:48:33.603116570Z,SPX   240216C05030000,B,5
2024-01-19T20:28:44.403829414Z,SPX   240216C04755000,B,68
2024-01-31T14:47:57.316997986Z,SPX   240419P03850000,S,7
2024-02-15T14:40:07.943496364Z,SPX   240920P04000000,S,130
2024-03-28T14:10:25.023701514Z,SPX   240621P05040000,S,343
2024-03-22T15:46:53.569910863Z,SPX   240621C05295000,S,31
2024-03-08T14:47:46.574759859Z,SPX   240419C05370000,S,206
2024-01-25T20:41:26.142678470Z,SPX   240315P04625000,S,362
2024-02-20T14:58:04.308093112Z,SPX   240315P04425000,S,1117
2024-02-20T17:41:09.294409709Z,SPX   240517P04750000,B,400
2024-03-27T14:05:52.931524315Z,SPX   240419C05325000,B,382
2024-03-25T14:45:33.736828094Z,SPX   250117C05375000,S,54
2024-02-07T18:45:50.901121598Z,SPX   240621C05300000,B,272
2024-02-14T20:58:08.267844998Z,SPX   240216P04950000,B,17
2024-03-20T18:46:11.654235498Z,SPX   240816P05330000,B,63
2024-02-12T16:11:45.900571010Z,SPX   240621C05000000,S,44
2024-01-08T18:46:22.768302418Z,SPX   240119C04600000,S,78
2024-01-16T19:55:09.532143092Z,SPX   240920P04650000,S,46
2024-01-23T16:07:59.788012237Z,SPX   240315C04880000,S,248
2024-01-05T14:34:41.040237753Z,SPX   240216C04970000,S,539
2024-02-26T20:43:53.169836008Z,SPX   241220P05200000,S,29
2024-01-30T19:59:04.064682879Z,SPX   240216P04150000,B,81
2024-02-12T16:47:22.113745383Z,SPX   240216P04750000,B,2495
2024-01-30T14:52:27.730794675Z,SPX   250117P05050000,S,190
2024-02-20T18:16:03.657468809Z,SPX   240419P04900000,B,30
2024-03-07T18:49:16.997309249Z,SPX   240419C05195000,S,92
2024-03-15T17:42:37.019533383Z,SPX   240719P04850000,S,15
2024-01-23T20:27:02.048906782Z,SPX   240216P04610000,S,1301
2024-02-15T15:34:08.438779675Z,SPX   240216C05025000,S,87
2024-01-23T15:32:37.864654377Z,SPX   240216P04850000,S,69
2024-01-16T16:01:22.637751800Z,SPX   240119P04750000,S,69
2024-02-08T14:55:30.198949175Z,SPX   240216P04700000,S,1146
