date,open,high,low,close,adj close,volume
2024-01-02 09:30:00-05:00,4745.2001953125,4745.2001953125,4730.9501953125,4736.259765625,4736.259765625,0
2024-01-02 10:30:00-05:00,4736.10009765625,4742.43994140625,4731.169921875,4741.1201171875,4741.1201171875,292380245
2024-01-02 11:30:00-05:00,4741.1201171875,4751.22021484375,4740.89013671875,4747.5498046875,4747.5498046875,217999404
2024-01-02 12:30:00-05:00,4747.5498046875,4754.330078125,4740.919921875,4744.7998046875,4744.7998046875,185937425
2024-01-02 13:30:00-05:00,4744.81005859375,4747.22021484375,4733.669921875,4737.02001953125,4737.02001953125,194942000
2024-01-02 14:30:00-05:00,4736.97021484375,4738.33984375,4722.669921875,4726.7900390625,4726.7900390625,240464000
2024-01-02 15:30:00-05:00,4726.75,4744.14013671875,4724.669921875,4743.0400390625,4743.0400390625,362206000
2024-01-03 09:30:00-05:00,4725.06982421875,4726.58984375,4709.56005859375,4713.2099609375,4713.2099609375,481921433
2024-01-03 10:30:00-05:00,4712.8701171875,4716.81982421875,4704.72021484375,4714.77978515625,4714.77978515625,288877597
2024-01-03 11:30:00-05:00,4714.7900390625,4715.35986328125,4707.43994140625,4713.14013671875,4713.14013671875,209994008
2024-01-03 12:30:00-05:00,4713.259765625,4725.02001953125,4712.27978515625,4721.22021484375,4721.22021484375,186819962
2024-01-03 13:30:00-05:00,4721.2001953125,4728.83984375,4708.02978515625,4727.41015625,4727.41015625,202877000
2024-01-03 14:30:00-05:00,4727.41015625,4729.2900390625,4707.9501953125,4710.47021484375,4710.47021484375,237776000
2024-01-03 15:30:00-05:00,4710.5400390625,4715.490234375,4699.7099609375,4704.14990234375,4704.14990234375,363315000
2024-01-04 09:30:00-05:00,4697.419921875,4718.58984375,4696.14990234375,4715.08984375,4715.08984375,0
2024-01-04 10:30:00-05:00,4715.08984375,4726.77978515625,4713.72998046875,4723.66015625,4723.66015625,280999809
2024-01-04 11:30:00-05:00,4723.77978515625,4725.3798828125,4710.3798828125,4712.93017578125,4712.93017578125,215631549
2024-01-04 12:30:00-05:00,4713.0400390625,4713.14013671875,4704.0,4710.27001953125,4710.27001953125,167294785
2024-01-04 13:30:00-05:00,4710.27978515625,4711.68994140625,4702.72021484375,4702.85009765625,4702.85009765625,169020000
2024-01-04 14:30:00-05:00,4702.8701171875,4707.2099609375,4698.080078125,4699.81005859375,4699.81005859375,213660000
2024-01-04 15:30:00-05:00,4699.81005859375,4703.77001953125,4687.52978515625,4689.7001953125,4689.7001953125,358302000
2024-01-05 09:30:00-05:00,4690.56982421875,4721.490234375,4688.68994140625,4712.64013671875,4712.64013671875,0
2024-01-05 10:30:00-05:00,4712.6201171875,4721.4599609375,4708.5,4708.93994140625,4708.93994140625,263299710
2024-01-05 11:30:00-05:00,4708.919921875,4710.85986328125,4690.10009765625,4690.7001953125,4690.7001953125,194092894
2024-01-05 12:30:00-05:00,4690.7900390625,4695.7099609375,4684.22021484375,4695.3701171875,4695.3701171875,166703757
2024-01-05 13:30:00-05:00,4695.41015625,4706.419921875,4695.41015625,4699.27001953125,4699.27001953125,182035000
2024-01-05 14:30:00-05:00,4699.27001953125,4701.81982421875,4682.81982421875,4686.7099609375,4686.7099609375,215023000
2024-01-05 15:30:00-05:00,4686.6298828125,4699.85986328125,4682.10986328125,4696.66015625,4696.66015625,322924000
2024-01-08 09:30:00-05:00,4703.7001953125,4717.27978515625,4699.990234375,4717.25,4717.25,0
2024-01-08 10:30:00-05:00,4717.22021484375,4724.75,4717.22021484375,4721.169921875,4721.169921875,263865717
2024-01-08 11:30:00-05:00,4721.240234375,4729.52978515625,4721.240234375,4724.64013671875,4724.64013671875,208525868
2024-01-08 12:30:00-05:00,4724.66015625,4734.2001953125,4724.2900390625,4731.14990234375,4731.14990234375,170452787
2024-01-08 13:30:00-05:00,4731.169921875,4746.85009765625,4731.06005859375,4746.58984375,4746.58984375,189786000
2024-01-08 14:30:00-05:00,4746.60009765625,4756.83984375,4746.60009765625,4753.759765625,4753.759765625,237688000
2024-01-08 15:30:00-05:00,4753.919921875,4764.5400390625,4753.27978515625,4762.740234375,4762.740234375,346947000
2024-01-09 09:30:00-05:00,4741.93017578125,4746.169921875,4730.35009765625,4742.02978515625,4742.02978515625,0
2024-01-09 10:30:00-05:00,4741.9599609375,4749.990234375,4739.14013671875,4749.7998046875,4749.7998046875,252771068
2024-01-09 11:30:00-05:00,4749.75,4760.33984375,4747.56005859375,4758.85986328125,4758.85986328125,214505168
2024-01-09 12:30:00-05:00,4758.83984375,4765.47021484375,4754.8701171875,4755.27978515625,4755.27978515625,183500964
2024-01-09 13:30:00-05:00,4755.2099609375,4762.75,4748.66015625,4752.89990234375,4752.89990234375,199425000
2024-01-09 14:30:00-05:00,4752.919921875,4758.669921875,4749.02001953125,4754.31005859375,4754.31005859375,231442000
2024-01-09 15:30:00-05:00,4754.27001953125,4758.39013671875,4746.93017578125,4755.8701171875,4755.8701171875,341809000
2024-01-10 09:30:00-05:00,4759.93994140625,4770.89013671875,4756.2001953125,4764.06982421875,4764.06982421875,0
2024-01-10 10:30:00-05:00,4764.06005859375,4769.47998046875,4761.56005859375,4764.75,4764.75,249652443
2024-01-10 11:30:00-05:00,4764.75,4768.35009765625,4762.08984375,4767.97998046875,4767.97998046875,188074524
2024-01-10 12:30:00-05:00,4767.97021484375,4775.5498046875,4765.8798828125,4769.669921875,4769.669921875,186328376
2024-01-10 13:30:00-05:00,4769.7001953125,4784.72998046875,4769.4599609375,4782.5400390625,4782.5400390625,206523000
2024-01-10 14:30:00-05:00,4782.58984375,4790.7998046875,4776.3701171875,4779.22021484375,4779.22021484375,248251000
2024-01-10 15:30:00-05:00,4779.259765625,4785.02001953125,4769.580078125,4782.14990234375,4782.14990234375,338945000
2024-01-11 09:30:00-05:00,4792.1298828125,4798.5,4753.06005859375,4766.580078125,4766.580078125,0
2024-01-11 10:30:00-05:00,4766.58984375,4772.1201171875,4742.240234375,4747.66015625,4747.66015625,284321453
2024-01-11 11:30:00-05:00,4747.47998046875,4752.68994140625,4739.580078125,4746.35009765625,4746.35009765625,224034747
2024-01-11 12:30:00-05:00,4746.35986328125,4766.68994140625,4746.35986328125,4764.5400390625,4764.5400390625,195600341
2024-01-11 13:30:00-05:00,4764.52978515625,4778.18994140625,4762.9599609375,4777.56982421875,4777.56982421875,183894000
2024-01-11 14:30:00-05:00,4777.58984375,4786.0400390625,4771.669921875,4775.7099609375,4775.7099609375,245821000
2024-01-11 15:30:00-05:00,4775.830078125,4783.31005859375,4772.4501953125,4780.2900390625,4780.2900390625,361922000
2024-01-12 09:30:00-05:00,4791.18017578125,4802.39990234375,4776.06982421875,4780.85986328125,4780.85986328125,0
2024-01-12 10:30:00-05:00,4781.27001953125,4785.330078125,4768.97998046875,4782.169921875,4782.169921875,293340817
2024-01-12 11:30:00-05:00,4782.22998046875,4784.2998046875,4770.25,4775.490234375,4775.490234375,222679309
2024-01-12 12:30:00-05:00,4775.47998046875,4783.5400390625,4772.9599609375,4782.2998046875,4782.2998046875,177022613
2024-01-12 13:30:00-05:00,4782.27001953125,4789.52001953125,4781.2099609375,4785.66015625,4785.66015625,173522000
2024-01-12 14:30:00-05:00,4785.6298828125,4785.66015625,4774.14013671875,4778.240234375,4778.240234375,219760000
2024-01-12 15:30:00-05:00,4778.18994140625,4785.35986328125,4777.06982421875,4783.14013671875,4783.14013671875,330327000
2024-01-16 09:30:00-05:00,4772.35009765625,4778.7099609375,4751.8798828125,4776.72021484375,4776.72021484375,0
2024-01-16 10:30:00-05:00,4776.4501953125,4782.33984375,4763.330078125,4775.490234375,4775.490234375,346274558
2024-01-16 11:30:00-05:00,4775.5498046875,4780.35009765625,4759.9501953125,4760.6298828125,4760.6298828125,230626676
2024-01-16 12:30:00-05:00,4760.60986328125,4767.5498046875,4755.14013671875,4766.06005859375,4766.06005859375,210969000
2024-01-16 13:30:00-05:00,4766.06982421875,4767.68994140625,4747.1201171875,4752.2001953125,4752.2001953125,215197000
2024-01-16 14:30:00-05:00,4752.22021484375,4761.27978515625,4750.39990234375,4756.7998046875,4756.7998046875,242432000
2024-01-16 15:30:00-05:00,4756.81982421875,4766.5,4754.5,4765.18017578125,4765.18017578125,367742000
2024-01-17 09:30:00-05:00,4739.1298828125,4739.1298828125,4726.1201171875,4734.41015625,4734.41015625,0
2024-01-17 10:30:00-05:00,4734.31982421875,4744.0400390625,4731.25,4741.33984375,4741.33984375,289062653
2024-01-17 11:30:00-05:00,4741.27001953125,4744.22998046875,4730.0400390625,4731.1298828125,4731.1298828125,217903319
2024-01-17 12:30:00-05:00,4731.14013671875,4735.91015625,4720.9599609375,4722.990234375,4722.990234375,188194436
2024-01-17 13:30:00-05:00,4722.990234375,4729.7099609375,4714.81982421875,4728.39013671875,4728.39013671875,213153000
2024-01-17 14:30:00-05:00,4728.39013671875,4733.5400390625,4723.18994140625,4724.740234375,4724.740234375,250168000
2024-01-17 15:30:00-05:00,4724.740234375,4741.89990234375,4724.509765625,4739.0,4739.0,348289000
2024-01-18 09:30:00-05:00,4760.10009765625,4760.58984375,4749.91015625,4757.64990234375,4757.64990234375,0
2024-01-18 10:30:00-05:00,4757.7099609375,4764.43017578125,4752.72021484375,4763.08984375,4763.08984375,313408709
2024-01-18 11:30:00-05:00,4763.0498046875,4766.10009765625,4746.39990234375,4751.60986328125,4751.60986328125,265019469
2024-01-18 12:30:00-05:00,4751.6298828125,4752.33984375,4740.56982421875,4743.25,4743.25,215760000
2024-01-18 13:30:00-05:00,4743.22021484375,4772.35009765625,4742.93017578125,4772.330078125,4772.330078125,232768000
2024-01-18 14:30:00-05:00,4772.14990234375,4779.72021484375,4765.66015625,4779.72021484375,4779.72021484375,281119000
2024-01-18 15:30:00-05:00,4779.759765625,4785.7900390625,4775.1201171875,4780.52978515625,4780.52978515625,379404000
2024-01-19 09:30:00-05:00,4796.27978515625,4799.330078125,4785.8701171875,4795.7900390625,4795.7900390625,0
2024-01-19 10:30:00-05:00,4795.6201171875,4807.22021484375,4789.580078125,4804.4501953125,4804.4501953125,298657283
2024-01-19 11:30:00-05:00,4804.5,4810.0400390625,4797.72998046875,4809.1298828125,4809.1298828125,246317524
2024-01-19 12:30:00-05:00,4809.14013671875,4825.6298828125,4809.14013671875,4825.22021484375,4825.22021484375,231600000
2024-01-19 13:30:00-05:00,4825.22021484375,4842.06982421875,4825.22021484375,4835.3798828125,4835.3798828125,251293000
2024-01-19 14:30:00-05:00,4835.43994140625,4840.9599609375,4829.18994140625,4836.97998046875,4836.97998046875,291628000
2024-01-19 15:30:00-05:00,4837.080078125,4840.10986328125,4834.60986328125,4838.9599609375,4838.9599609375,410525000
2024-01-22 09:30:00-05:00,4853.419921875,4868.41015625,4853.419921875,4859.02978515625,4859.02978515625,0
2024-01-22 10:30:00-05:00,4859.2001953125,4859.43994140625,4847.18994140625,4856.18017578125,4856.18017578125,346325944
2024-01-22 11:30:00-05:00,4856.35986328125,4857.6298828125,4848.7900390625,4854.91015625,4854.91015625,238158744
2024-01-22 12:30:00-05:00,4854.919921875,4856.0498046875,4844.0498046875,4844.7998046875,4844.7998046875,207136000
2024-01-22 13:30:00-05:00,4844.68017578125,4855.580078125,4844.5400390625,4851.56982421875,4851.56982421875,203414000
2024-01-22 14:30:00-05:00,4851.5400390625,4857.43017578125,4848.6201171875,4856.81005859375,4856.81005859375,249930000
2024-01-22 15:30:00-05:00,4856.81982421875,4857.3798828125,4849.72021484375,4850.6201171875,4850.6201171875,364710000
2024-01-23 09:30:00-05:00,4856.7998046875,4858.97998046875,4850.43017578125,4854.10986328125,4854.10986328125,491511247
2024-01-23 10:30:00-05:00,4854.2001953125,4854.31982421875,4844.7998046875,4845.89990234375,4845.89990234375,318410331
2024-01-23 11:30:00-05:00,4845.85009765625,4851.02001953125,4844.3701171875,4847.77978515625,4847.77978515625,234240422
2024-01-23 12:30:00-05:00,4847.7998046875,4855.330078125,4846.419921875,4852.9599609375,4852.9599609375,195645000
2024-01-23 13:30:00-05:00,4853.0498046875,4856.0498046875,4851.14990234375,4853.47998046875,4853.47998046875,195837000
2024-01-23 14:30:00-05:00,4853.5,4864.77978515625,4851.97998046875,4862.18017578125,4862.18017578125,253554000
2024-01-23 15:30:00-05:00,4862.08984375,4866.47998046875,4858.89990234375,4864.06982421875,4864.06982421875,368339000
2024-01-24 09:30:00-05:00,4888.56005859375,4893.60009765625,4880.06005859375,4890.8701171875,4890.8701171875,0
2024-01-24 10:30:00-05:00,4890.9501953125,4901.2900390625,4889.81982421875,4895.22998046875,4895.22998046875,321945830
2024-01-24 11:30:00-05:00,4895.25,4900.7099609375,4892.89990234375,4898.93017578125,4898.93017578125,247285222
2024-01-24 12:30:00-05:00,4899.02978515625,4903.68017578125,4890.77978515625,4895.93994140625,4895.93994140625,243063000
2024-01-24 13:30:00-05:00,4895.93017578125,4896.10986328125,4875.72021484375,4877.7099609375,4877.7099609375,242723000
2024-01-24 14:30:00-05:00,4877.66015625,4886.14013671875,4869.759765625,4870.4599609375,4870.4599609375,292598000
2024-01-24 15:30:00-05:00,4870.5,4879.4501953125,4865.93994140625,4869.02978515625,4869.02978515625,393615000
2024-01-25 09:30:00-05:00,4886.66015625,4898.14990234375,4882.81005859375,4895.8798828125,4895.8798828125,0
2024-01-25 10:30:00-05:00,4895.9501953125,4896.7998046875,4883.60009765625,4893.259765625,4893.259765625,341873807
2024-01-25 11:30:00-05:00,4893.27978515625,4896.080078125,4879.990234375,4881.85009765625,4881.85009765625,289496317
2024-01-25 12:30:00-05:00,4881.85986328125,4888.419921875,4875.97998046875,4878.0,4878.0,280410000
2024-01-25 13:30:00-05:00,4877.97998046875,4883.4501953125,4869.33984375,4876.919921875,4876.919921875,271747000
2024-01-25 14:30:00-05:00,4876.919921875,4883.77978515625,4873.43017578125,4880.64990234375,4880.64990234375,291052000
2024-01-25 15:30:00-05:00,4880.66015625,4895.0498046875,4879.81982421875,4895.0498046875,4895.0498046875,421124000
2024-01-26 09:30:00-05:00,4888.91015625,4897.93994140625,4885.85986328125,4897.39990234375,4897.39990234375,489154910
2024-01-26 10:30:00-05:00,4897.35009765625,4906.68994140625,4896.68994140625,4902.41015625,4902.41015625,292062744
2024-01-26 11:30:00-05:00,4902.43994140625,4904.43994140625,4896.60009765625,4899.39990234375,4899.39990234375,235557346
2024-01-26 12:30:00-05:00,4899.47998046875,4899.47998046875,4882.93017578125,4889.22021484375,4889.22021484375,211853000
2024-01-26 13:30:00-05:00,4889.3701171875,4890.39013671875,4881.47021484375,4887.419921875,4887.419921875,196545000
2024-01-26 14:30:00-05:00,4887.3701171875,4896.740234375,4885.22021484375,4890.06982421875,4890.06982421875,236802000
2024-01-26 15:30:00-05:00,4890.08984375,4892.66015625,4886.240234375,4890.06982421875,4890.06982421875,365677000
2024-01-29 09:30:00-05:00,4892.9501953125,4898.43994140625,4889.9599609375,4892.31005859375,4892.31005859375,0
2024-01-29 10:30:00-05:00,4892.4599609375,4894.91015625,4887.89013671875,4893.5498046875,4893.5498046875,268984587
2024-01-29 11:30:00-05:00,4893.3798828125,4900.47998046875,4893.27978515625,4898.18994140625,4898.18994140625,216848565
2024-01-29 12:30:00-05:00,4898.27001953125,4901.47998046875,4894.56982421875,4899.89990234375,4899.89990234375,189757884
2024-01-29 13:30:00-05:00,4899.89990234375,4904.68994140625,4896.77978515625,4903.509765625,4903.509765625,183841000
2024-01-29 14:30:00-05:00,4903.509765625,4929.31005859375,4903.1201171875,4925.10986328125,4925.10986328125,279159000
2024-01-29 15:30:00-05:00,4925.1298828125,4929.06005859375,4919.89990234375,4928.10009765625,4928.10009765625,360625000
2024-01-30 09:30:00-05:00,4925.89013671875,4929.52001953125,4919.06005859375,4923.009765625,4923.009765625,0
2024-01-30 10:30:00-05:00,4923.0,4926.240234375,4918.77978515625,4925.7099609375,4925.7099609375,309572971
2024-01-30 11:30:00-05:00,4925.740234375,4930.0498046875,4920.5498046875,4920.91015625,4920.91015625,256057121
2024-01-30 12:30:00-05:00,4920.9501953125,4924.4501953125,4916.27001953125,4924.080078125,4924.080078125,223249000
2024-01-30 13:30:00-05:00,4924.10009765625,4927.990234375,4919.93994140625,4927.31982421875,4927.31982421875,229234000
2024-01-30 14:30:00-05:00,4927.3798828125,4931.08984375,4924.97021484375,4929.16015625,4929.16015625,257360000
2024-01-30 15:30:00-05:00,4929.14013671875,4929.6201171875,4922.919921875,4924.6201171875,4924.6201171875,362788000
2024-01-31 09:30:00-05:00,4899.18994140625,4906.75,4886.7900390625,4887.83984375,4887.83984375,0
2024-01-31 10:30:00-05:00,4887.7099609375,4890.06005859375,4879.14013671875,4885.1298828125,4885.1298828125,325855737
2024-01-31 11:30:00-05:00,4885.490234375,4888.68017578125,4878.83984375,4887.990234375,4887.990234375,237407478
2024-01-31 12:30:00-05:00,4888.02978515625,4892.240234375,4880.85009765625,4886.89013671875,4886.89013671875,220872000
2024-01-31 13:30:00-05:00,4886.830078125,4892.5498046875,4871.93994140625,4876.27001953125,4876.27001953125,244260000
2024-01-31 14:30:00-05:00,4876.22998046875,4904.75,4852.16015625,4861.68017578125,4861.68017578125,423013000
2024-01-31 15:30:00-05:00,4861.52001953125,4862.43017578125,4845.490234375,4845.490234375,4845.490234375,464710000
2024-02-01 09:30:00-05:00,4861.10986328125,4876.39990234375,4857.830078125,4876.330078125,4876.330078125,536491203
2024-02-01 10:30:00-05:00,4876.2900390625,4876.58984375,4853.52001953125,4860.60009765625,4860.60009765625,362744863
2024-02-01 11:30:00-05:00,4860.669921875,4887.4501953125,4860.669921875,4879.60009765625,4879.60009765625,271986934
2024-02-01 12:30:00-05:00,4879.509765625,4896.830078125,4877.31005859375,4885.10009765625,4885.10009765625,265907000
2024-02-01 13:30:00-05:00,4885.10009765625,4894.10009765625,4879.509765625,4889.10986328125,4889.10986328125,247489000
2024-02-01 14:30:00-05:00,4889.1298828125,4904.43994140625,4886.0498046875,4901.81982421875,4901.81982421875,282637000
2024-02-01 15:30:00-05:00,4901.85009765625,4906.56005859375,4895.7998046875,4905.9501953125,4905.9501953125,399046000
2024-02-02 09:30:00-05:00,4916.06005859375,4928.39990234375,4907.990234375,4923.81005859375,4923.81005859375,0
2024-02-02 10:30:00-05:00,4923.7998046875,4944.47998046875,4918.580078125,4944.419921875,4944.419921875,343473066
2024-02-02 11:30:00-05:00,4944.169921875,4959.0400390625,4944.169921875,4958.759765625,4958.759765625,276478695
2024-02-02 12:30:00-05:00,4958.740234375,4961.1298828125,4938.3701171875,4952.580078125,4952.580078125,258895000
2024-02-02 13:30:00-05:00,4952.5498046875,4968.490234375,4948.81982421875,4964.72021484375,4964.72021484375,232535000
2024-02-02 14:30:00-05:00,4964.56982421875,4975.2900390625,4964.1298828125,4973.8798828125,4973.8798828125,280731000
2024-02-02 15:30:00-05:00,4973.8701171875,4973.8701171875,4958.0400390625,4958.0400390625,4958.0400390625,390097000
2024-02-05 09:30:00-05:00,4957.18994140625,4957.18994140625,4923.47021484375,4928.9501953125,4928.9501953125,0
2024-02-05 10:30:00-05:00,4929.0400390625,4933.35009765625,4918.08984375,4928.2900390625,4928.2900390625,306780748
2024-02-05 11:30:00-05:00,4928.22998046875,4942.009765625,4928.22021484375,4941.97021484375,4941.97021484375,239439818
2024-02-05 12:30:00-05:00,4942.06982421875,4949.5400390625,4941.2099609375,4941.2099609375,4941.2099609375,208120000
2024-02-05 13:30:00-05:00,4941.16015625,4950.14013671875,4941.02978515625,4949.330078125,4949.330078125,196370000
2024-02-05 14:30:00-05:00,4949.35009765625,4956.35009765625,4940.93017578125,4951.66015625,4951.66015625,259730000
2024-02-05 15:30:00-05:00,4951.669921875,4954.14990234375,4941.9501953125,4942.2099609375,4942.2099609375,366431000
2024-02-06 09:30:00-05:00,4950.16015625,4957.77001953125,4934.8798828125,4938.64990234375,4938.64990234375,0
2024-02-06 10:30:00-05:00,4938.72998046875,4948.10986328125,4938.22998046875,4947.240234375,4947.240234375,297369366
2024-02-06 11:30:00-05:00,4947.27001953125,4948.3701171875,4935.43994140625,4942.7001953125,4942.7001953125,281420665
2024-02-06 12:30:00-05:00,4942.68017578125,4944.77978515625,4938.89013671875,4943.06982421875,4943.06982421875,204342000
2024-02-06 13:30:00-05:00,4943.169921875,4949.93017578125,4935.66015625,4939.93994140625,4939.93994140625,222243000
2024-02-06 14:30:00-05:00,4939.8798828125,4949.509765625,4937.31005859375,4946.10986328125,4946.10986328125,252943000
2024-02-06 15:30:00-05:00,4946.0498046875,4954.490234375,4941.0,4954.240234375,4954.240234375,360115000
2024-02-07 09:30:00-05:00,4973.0498046875,4994.43994140625,4969.0498046875,4994.39990234375,4994.39990234375,0
2024-02-07 10:30:00-05:00,4994.509765625,4995.0400390625,4983.43994140625,4986.06005859375,4986.06005859375,304441944
2024-02-07 11:30:00-05:00,4986.1201171875,4992.93994140625,4983.8798828125,4988.22021484375,4988.22021484375,231924441
2024-02-07 12:30:00-05:00,4988.2001953125,4996.4501953125,4982.8701171875,4996.4501953125,4996.4501953125,220312000
2024-02-07 13:30:00-05:00,4996.490234375,4998.64990234375,4991.669921875,4994.27978515625,4994.27978515625,217472000
2024-02-07 14:30:00-05:00,4994.2900390625,4999.89013671875,4992.85009765625,4996.52001953125,4996.52001953125,253667000
2024-02-07 15:30:00-05:00,4996.60986328125,4997.72021484375,4991.02978515625,4994.93994140625,4994.93994140625,369295000
2024-02-08 09:30:00-05:00,4995.16015625,4997.490234375,4990.39990234375,4992.919921875,4992.919921875,0
2024-02-08 10:30:00-05:00,4992.919921875,4995.990234375,4987.08984375,4987.47021484375,4987.47021484375,303819397
2024-02-08 11:30:00-05:00,4987.41015625,4995.39990234375,4987.10009765625,4994.64990234375,4994.64990234375,230673546
2024-02-08 12:30:00-05:00,4994.64990234375,4996.47021484375,4988.3798828125,4994.3798828125,4994.3798828125,214542000
2024-02-08 13:30:00-05:00,4994.35986328125,4997.31005859375,4992.1298828125,4992.490234375,4992.490234375,226087000
2024-02-08 14:30:00-05:00,4992.47998046875,4999.68017578125,4989.77001953125,4998.35986328125,4998.35986328125,261656000
2024-02-08 15:30:00-05:00,4998.330078125,5000.39990234375,4992.8701171875,4998.52001953125,4998.52001953125,373880000
2024-02-09 09:30:00-05:00,5004.169921875,5011.6201171875,5000.33984375,5010.66015625,5010.66015625,0
2024-02-09 10:30:00-05:00,5010.68994140625,5015.89990234375,5009.490234375,5011.1298828125,5011.1298828125,300595540
2024-02-09 11:30:00-05:00,5011.18994140625,5015.14990234375,5007.330078125,5015.14990234375,5015.14990234375,241873049
2024-02-09 12:30:00-05:00,5015.1298828125,5021.81005859375,5013.18994140625,5021.16015625,5021.16015625,209392302
2024-02-09 13:30:00-05:00,5021.169921875,5025.169921875,5018.990234375,5024.72998046875,5024.72998046875,194744000
2024-02-09 14:30:00-05:00,5024.7900390625,5030.06005859375,5021.89990234375,5024.990234375,5024.990234375,240721000
2024-02-09 15:30:00-05:00,5024.990234375,5027.080078125,5020.85009765625,5025.89013671875,5025.89013671875,347452000
2024-02-12 09:30:00-05:00,5026.830078125,5028.35009765625,5023.97998046875,5026.8701171875,5026.8701171875,0
2024-02-12 10:30:00-05:00,5026.85986328125,5042.77978515625,5026.85986328125,5042.14013671875,5042.14013671875,266855177
2024-02-12 11:30:00-05:00,5042.31005859375,5048.39013671875,5040.7900390625,5042.77978515625,5042.77978515625,225049473
2024-02-12 12:30:00-05:00,5042.77001953125,5047.89990234375,5039.259765625,5039.330078125,5039.330078125,187118120
2024-02-12 13:30:00-05:00,5039.27978515625,5039.4501953125,5016.830078125,5024.759765625,5024.759765625,227079000
2024-02-12 14:30:00-05:00,5024.72021484375,5026.669921875,5018.10009765625,5023.080078125,5023.080078125,214298000
2024-02-12 15:30:00-05:00,5023.10009765625,5025.83984375,5019.25,5022.490234375,5022.490234375,331213000
2024-02-13 09:30:00-05:00,4967.93994140625,4967.93994140625,4945.52978515625,4962.18994140625,4962.18994140625,0
2024-02-13 10:30:00-05:00,4962.3798828125,4970.18994140625,4958.43017578125,4968.68017578125,4968.68017578125,342166603
2024-02-13 11:30:00-05:00,4968.6298828125,4971.2998046875,4957.22021484375,4958.2998046875,4958.2998046875,212728623
2024-02-13 12:30:00-05:00,4958.27978515625,4966.2001953125,4953.31005859375,4955.60009765625,4955.60009765625,191434000
2024-02-13 13:30:00-05:00,4955.5498046875,4955.8798828125,4931.18994140625,4934.52978515625,4934.52978515625,221621000
2024-02-13 14:30:00-05:00,4934.490234375,4942.31005859375,4920.31005859375,4926.41015625,4926.41015625,281003000
2024-02-13 15:30:00-05:00,4926.2900390625,4954.22021484375,4925.25,4953.7001953125,4953.7001953125,397583000
2024-02-14 09:30:00-05:00,4976.43994140625,4991.85009765625,4970.83984375,4989.02978515625,4989.02978515625,0
2024-02-14 10:30:00-05:00,4989.240234375,4990.64990234375,4963.97998046875,4974.1201171875,4974.1201171875,267728865
2024-02-14 11:30:00-05:00,4974.16015625,4975.56005859375,4956.4501953125,4971.89990234375,4971.89990234375,214506493
2024-02-14 12:30:00-05:00,4971.93994140625,4977.2998046875,4967.14013671875,4971.18017578125,4971.18017578125,189874219
2024-02-14 13:30:00-05:00,4971.31982421875,4983.080078125,4965.18017578125,4979.009765625,4979.009765625,203965000
2024-02-14 14:30:00-05:00,4979.06982421875,4993.97998046875,4977.18994140625,4992.41015625,4992.41015625,239683000
2024-02-14 15:30:00-05:00,4992.47021484375,5002.52001953125,4987.47998046875,5000.31982421875,5000.31982421875,364096000
2024-02-15 09:30:00-05:00,5003.14013671875,5016.47021484375,5002.56005859375,5007.490234375,5007.490234375,487659818
2024-02-15 10:30:00-05:00,5007.5400390625,5010.58984375,4999.43994140625,5005.7900390625,5005.7900390625,296517264
2024-02-15 11:30:00-05:00,5005.75,5015.9501953125,5004.64013671875,5015.56005859375,5015.56005859375,239134918
2024-02-15 12:30:00-05:00,5015.60009765625,5025.52978515625,5010.91015625,5025.5,5025.5,203805000
2024-02-15 13:30:00-05:00,5025.52001953125,5028.509765625,5020.830078125,5026.080078125,5026.080078125,212659000
2024-02-15 14:30:00-05:00,5026.1201171875,5032.72021484375,5023.02978515625,5027.27001953125,5027.27001953125,242417000
2024-02-15 15:30:00-05:00,5027.27001953125,5031.06982421875,5022.58984375,5029.669921875,5029.669921875,384712000
2024-02-16 09:30:00-05:00,5031.1298828125,5031.1298828125,4999.52001953125,5012.9599609375,5012.9599609375,0
2024-02-16 10:30:00-05:00,5012.9501953125,5030.830078125,5008.85009765625,5029.5,5029.5,269932594
2024-02-16 11:30:00-05:00,5029.509765625,5035.2001953125,5027.31982421875,5032.580078125,5032.580078125,210325260
2024-02-16 12:30:00-05:00,5032.52001953125,5033.27001953125,5018.02001953125,5026.7998046875,5026.7998046875,182074884
2024-02-16 13:30:00-05:00,5026.7001953125,5038.7001953125,5026.33984375,5036.68994140625,5036.68994140625,175619000
2024-02-16 14:30:00-05:00,5036.6201171875,5037.330078125,5010.75,5016.1201171875,5016.1201171875,240628000
2024-02-16 15:30:00-05:00,5016.1201171875,5017.2001953125,5000.52001953125,5005.14990234375,5005.14990234375,352656000
2024-02-20 09:30:00-05:00,4989.31982421875,4993.7099609375,4968.7099609375,4971.60986328125,4971.60986328125,0
2024-02-20 10:30:00-05:00,4971.72021484375,4982.83984375,4967.39990234375,4979.02001953125,4979.02001953125,280112193
2024-02-20 11:30:00-05:00,4979.0,4979.31982421875,4957.77978515625,4960.27001953125,4960.27001953125,222124600
2024-02-20 12:30:00-05:00,4960.18994140625,4969.2099609375,4955.02001953125,4961.8798828125,4961.8798828125,191532000
2024-02-20 13:30:00-05:00,4961.85986328125,4970.0,4957.7099609375,4969.4599609375,4969.4599609375,187904000
2024-02-20 14:30:00-05:00,4969.5400390625,4978.3701171875,4967.06005859375,4976.97021484375,4976.97021484375,223340000
2024-02-20 15:30:00-05:00,4976.9599609375,4978.0498046875,4961.58984375,4975.990234375,4975.990234375,373024000
2024-02-21 09:30:00-05:00,4963.02978515625,4970.10009765625,4958.33984375,4963.7099609375,4963.7099609375,0
2024-02-21 10:30:00-05:00,4963.68017578125,4972.7998046875,4959.919921875,4967.9501953125,4967.9501953125,255577595
2024-02-21 11:30:00-05:00,4967.89990234375,4970.419921875,4958.3798828125,4960.419921875,4960.419921875,217414563
2024-02-21 12:30:00-05:00,4960.43994140625,4966.72998046875,4954.27001953125,4962.35986328125,4962.35986328125,190459349
2024-02-21 13:30:00-05:00,4962.419921875,4969.77978515625,4952.2998046875,4956.35009765625,4956.35009765625,205373000
2024-02-21 14:30:00-05:00,4956.35986328125,4957.27978515625,4946.0,4953.75,4953.75,229948000
2024-02-21 15:30:00-05:00,4953.830078125,4983.2099609375,4953.830078125,4981.91015625,4981.91015625,343371000
2024-02-22 09:30:00-05:00,5038.830078125,5064.1201171875,5038.830078125,5063.2998046875,5063.2998046875,544360490
2024-02-22 10:30:00-05:00,5063.3701171875,5066.8798828125,5055.18017578125,5063.990234375,5063.990234375,301074196
2024-02-22 11:30:00-05:00,5063.9599609375,5070.02978515625,5059.6201171875,5069.56982421875,5069.56982421875,228915314
2024-02-22 12:30:00-05:00,5069.60009765625,5078.18994140625,5066.2900390625,5077.8798828125,5077.8798828125,214423000
2024-02-22 13:30:00-05:00,5077.93994140625,5094.27978515625,5077.259765625,5094.0498046875,5094.0498046875,207025000
2024-02-22 14:30:00-05:00,5094.0498046875,5094.39013671875,5079.35986328125,5087.2998046875,5087.2998046875,264413000
2024-02-22 15:30:00-05:00,5087.39013671875,5092.85986328125,5083.85009765625,5086.18994140625,5086.18994140625,384504000
2024-02-23 09:30:00-05:00,5100.919921875,5111.06005859375,5100.919921875,5102.41015625,5102.41015625,0
2024-02-23 10:30:00-05:00,5102.35009765625,5106.009765625,5081.4599609375,5091.6201171875,5091.6201171875,289901011
2024-02-23 11:30:00-05:00,5091.669921875,5100.06005859375,5087.759765625,5092.56982421875,5092.56982421875,214705754
2024-02-23 12:30:00-05:00,5092.58984375,5099.68994140625,5088.14990234375,5099.31005859375,5099.31005859375,178308805
2024-02-23 13:30:00-05:00,5099.2998046875,5100.490234375,5086.72021484375,5087.740234375,5087.740234375,178619000
2024-02-23 14:30:00-05:00,5087.75,5095.009765625,5087.43994140625,5089.0498046875,5089.0498046875,199851000
2024-02-23 15:30:00-05:00,5089.0400390625,5097.2001953125,5087.18994140625,5089.31005859375,5089.31005859375,325917000
2024-02-26 09:30:00-05:00,5093.0,5097.66015625,5087.39990234375,5089.56005859375,5089.56005859375,0
2024-02-26 10:30:00-05:00,5089.6201171875,5092.72998046875,5080.27978515625,5083.68017578125,5083.68017578125,255614036
2024-02-26 11:30:00-05:00,5083.6298828125,5088.66015625,5082.2001953125,5088.06982421875,5088.06982421875,224403966
2024-02-26 12:30:00-05:00,5087.97021484375,5088.7001953125,5074.9501953125,5076.10986328125,5076.10986328125,191526201
2024-02-26 13:30:00-05:00,5076.169921875,5082.47021484375,5070.27001953125,5081.4501953125,5081.4501953125,199559000
2024-02-26 14:30:00-05:00,5081.43017578125,5083.27978515625,5076.52001953125,5078.3701171875,5078.3701171875,219510000
2024-02-26 15:30:00-05:00,5078.419921875,5079.3798828125,5068.91015625,5069.08984375,5069.08984375,335411000
2024-02-27 09:30:00-05:00,5074.60009765625,5076.58984375,5064.1298828125,5071.68994140625,5071.68994140625,0
2024-02-27 10:30:00-05:00,5071.68017578125,5072.68994140625,5065.64990234375,5066.22998046875,5066.22998046875,248200754
2024-02-27 11:30:00-05:00,5066.2099609375,5069.5498046875,5062.75,5065.0,5065.0,207528161
2024-02-27 12:30:00-05:00,5064.93017578125,5066.93994140625,5057.2900390625,5061.9599609375,5061.9599609375,197770317
2024-02-27 13:30:00-05:00,5061.93017578125,5074.2900390625,5061.0400390625,5072.5498046875,5072.5498046875,194396000
2024-02-27 14:30:00-05:00,5072.60986328125,5077.93994140625,5070.60986328125,5076.97021484375,5076.97021484375,234892000
2024-02-27 15:30:00-05:00,5076.9599609375,5080.68994140625,5073.830078125,5079.47998046875,5079.47998046875,333512000
2024-02-28 09:30:00-05:00,5067.2001953125,5068.52978515625,5058.35009765625,5065.31005859375,5065.31005859375,0
2024-02-28 10:30:00-05:00,5065.2099609375,5077.3701171875,5064.7998046875,5073.75,5073.75,252734229
2024-02-28 11:30:00-05:00,5073.7900390625,5076.56982421875,5067.93017578125,5069.2900390625,5069.2900390625,203774210
2024-02-28 12:30:00-05:00,5069.27978515625,5073.990234375,5063.58984375,5073.75,5073.75,172244511
2024-02-28 13:30:00-05:00,5073.68017578125,5076.60009765625,5064.759765625,5066.7900390625,5066.7900390625,188337000
2024-02-28 14:30:00-05:00,5066.7998046875,5071.330078125,5061.10986328125,5070.52978515625,5070.52978515625,222288000
2024-02-28 15:30:00-05:00,5070.490234375,5070.72021484375,5062.60986328125,5070.27001953125,5070.27001953125,327669000
2024-02-29 09:30:00-05:00,5085.35986328125,5096.35009765625,5077.08984375,5085.35009765625,5085.35009765625,0
2024-02-29 10:30:00-05:00,5085.240234375,5086.3701171875,5077.68017578125,5079.97021484375,5079.97021484375,269201145
2024-02-29 11:30:00-05:00,5079.91015625,5079.91015625,5061.89013671875,5073.490234375,5073.490234375,218910933
2024-02-29 12:30:00-05:00,5073.56005859375,5086.68017578125,5073.509765625,5085.91015625,5085.91015625,201538941
2024-02-29 13:30:00-05:00,5085.93994140625,5090.93994140625,5083.2099609375,5085.080078125,5085.080078125,195250000
2024-02-29 14:30:00-05:00,5085.1298828125,5089.81005859375,5080.35009765625,5089.60986328125,5089.60986328125,236797000
2024-02-29 15:30:00-05:00,5089.5400390625,5104.990234375,5089.47021484375,5097.5400390625,5097.5400390625,478747000
2024-03-01 09:30:00-05:00,5098.509765625,5112.14013671875,5094.16015625,5111.77978515625,5111.77978515625,0
2024-03-01 10:30:00-05:00,5111.830078125,5121.68017578125,5105.4599609375,5116.3701171875,5116.3701171875,312678377
2024-03-01 11:30:00-05:00,5116.5,5125.58984375,5111.080078125,5123.68017578125,5123.68017578125,234931347
2024-03-01 12:30:00-05:00,5123.7099609375,5130.27978515625,5122.72021484375,5129.75,5129.75,195837000
2024-03-01 13:30:00-05:00,5129.7099609375,5139.64013671875,5128.240234375,5139.2998046875,5139.2998046875,216230000
2024-03-01 14:30:00-05:00,5139.33984375,5140.330078125,5131.60009765625,5136.83984375,5136.83984375,250039000
2024-03-01 15:30:00-05:00,5136.91015625,5139.009765625,5134.2998046875,5137.0400390625,5137.0400390625,373893000
2024-03-04 09:30:00-05:00,5129.56005859375,5134.25,5127.18017578125,5133.14013671875,5133.14013671875,0
2024-03-04 10:30:00-05:00,5133.16015625,5136.93994140625,5130.56982421875,5132.35986328125,5132.35986328125,362628202
2024-03-04 11:30:00-05:00,5132.2998046875,5139.33984375,5129.47998046875,5139.27978515625,5139.27978515625,280087475
2024-03-04 12:30:00-05:00,5139.25,5139.759765625,5131.56005859375,5133.91015625,5133.91015625,242616000
2024-03-04 13:30:00-05:00,5133.93994140625,5137.97998046875,5133.580078125,5137.31005859375,5137.31005859375,233993000
2024-03-04 14:30:00-05:00,5137.27001953125,5149.669921875,5136.740234375,5142.81005859375,5142.81005859375,299195000
2024-03-04 15:30:00-05:00,5143.02001953125,5144.3798828125,5129.6201171875,5131.0400390625,5131.0400390625,414463000
2024-03-05 09:30:00-05:00,5110.52001953125,5114.5400390625,5088.7900390625,5091.3701171875,5091.3701171875,0
2024-03-05 10:30:00-05:00,5091.43994140625,5091.43994140625,5082.52001953125,5089.35009765625,5089.35009765625,329626715
2024-03-05 11:30:00-05:00,5089.35009765625,5092.60986328125,5077.81982421875,5092.2001953125,5092.2001953125,247171140
2024-03-05 12:30:00-05:00,5092.25,5092.64990234375,5081.259765625,5084.66015625,5084.66015625,219852000
2024-03-05 13:30:00-05:00,5084.66015625,5088.18017578125,5074.27978515625,5077.72998046875,5077.72998046875,225558000
2024-03-05 14:30:00-05:00,5077.72998046875,5077.89990234375,5056.919921875,5057.6298828125,5057.6298828125,281317000
2024-03-05 15:30:00-05:00,5057.68017578125,5080.9599609375,5056.81982421875,5078.85986328125,5078.85986328125,402455000
2024-03-06 09:30:00-05:00,5108.02978515625,5116.1201171875,5092.22021484375,5101.5498046875,5101.5498046875,0
2024-03-06 10:30:00-05:00,5101.490234375,5120.509765625,5098.2099609375,5120.18017578125,5120.18017578125,301685523
2024-03-06 11:30:00-05:00,5120.43994140625,5126.5,5112.5498046875,5125.080078125,5125.080078125,261430786
2024-03-06 12:30:00-05:00,5125.0,5127.97021484375,5118.14990234375,5125.77978515625,5125.77978515625,214976000
2024-03-06 13:30:00-05:00,5125.81005859375,5126.18017578125,5093.6298828125,5108.68017578125,5108.68017578125,267191000
2024-03-06 14:30:00-05:00,5108.85009765625,5110.7900390625,5093.1298828125,5098.64013671875,5098.64013671875,262057000
2024-03-06 15:30:00-05:00,5098.6201171875,5109.490234375,5093.16015625,5105.72998046875,5105.72998046875,356611000
2024-03-07 09:30:00-05:00,5132.3798828125,5149.0400390625,5128.2099609375,5148.75,5148.75,0
2024-03-07 10:30:00-05:00,5148.7900390625,5155.3701171875,5145.43994140625,5151.330078125,5151.330078125,283431714
2024-03-07 11:30:00-05:00,5151.330078125,5156.2001953125,5144.85986328125,5152.16015625,5152.16015625,237541812
2024-03-07 12:30:00-05:00,5152.02978515625,5156.89990234375,5147.31005859375,5156.89013671875,5156.89013671875,193595499
2024-03-07 13:30:00-05:00,5156.93017578125,5165.6201171875,5155.6201171875,5159.2001953125,5159.2001953125,213464000
2024-03-07 14:30:00-05:00,5159.22998046875,5160.919921875,5148.27978515625,5153.10009765625,5153.10009765625,241173000
2024-03-07 15:30:00-05:00,5153.06982421875,5162.990234375,5152.81982421875,5158.27978515625,5158.27978515625,348602000
2024-03-08 09:30:00-05:00,5164.4599609375,5189.259765625,5161.2998046875,5186.490234375,5186.490234375,0
2024-03-08 10:30:00-05:00,5186.72021484375,5187.77978515625,5152.83984375,5153.25,5153.25,326832988
2024-03-08 11:30:00-05:00,5153.60009765625,5158.91015625,5142.25,5152.10986328125,5152.10986328125,267395075
2024-03-08 12:30:00-05:00,5152.56982421875,5154.990234375,5127.64990234375,5129.56005859375,5129.56005859375,202912000
2024-03-08 13:30:00-05:00,5129.419921875,5142.52978515625,5117.5,5140.91015625,5140.91015625,210346000
2024-03-08 14:30:00-05:00,5140.83984375,5150.52978515625,5124.9599609375,5125.97998046875,5125.97998046875,250343000
2024-03-08 15:30:00-05:00,5125.91015625,5133.830078125,5124.06982421875,5124.3701171875,5124.3701171875,334483000
2024-03-11 09:30:00-04:00,5111.9599609375,5115.43994140625,5091.14013671875,5096.0498046875,5096.0498046875,0
2024-03-11 10:30:00-04:00,5096.169921875,5114.9599609375,5095.8798828125,5100.52001953125,5100.52001953125,266135398
2024-03-11 11:30:00-04:00,5100.669921875,5115.419921875,5098.43994140625,5111.490234375,5111.490234375,207718510
2024-03-11 12:30:00-04:00,5111.60009765625,5119.22998046875,5108.60009765625,5118.64990234375,5118.64990234375,180839705
2024-03-11 13:30:00-04:00,5118.60009765625,5121.41015625,5109.509765625,5118.14013671875,5118.14013671875,189919000
2024-03-11 14:30:00-04:00,5118.1201171875,5124.66015625,5114.330078125,5114.8701171875,5114.8701171875,228328000
2024-03-11 15:30:00-04:00,5114.93017578125,5121.7998046875,5112.1298828125,5118.4599609375,5118.4599609375,355205000
2024-03-12 09:30:00-04:00,5134.2998046875,5157.2998046875,5114.47998046875,5157.0400390625,5157.0400390625,0
2024-03-12 10:30:00-04:00,5157.0,5171.64013671875,5157.0,5168.9501953125,5168.9501953125,275704605
2024-03-12 11:30:00-04:00,5168.97998046875,5169.72021484375,5156.3798828125,5157.41015625,5157.41015625,227120012
2024-03-12 12:30:00-04:00,5157.43017578125,5160.2099609375,5142.77978515625,5155.6201171875,5155.6201171875,214699677
2024-03-12 13:30:00-04:00,5155.72021484375,5170.7099609375,5155.47021484375,5170.7099609375,5170.7099609375,180047000
2024-03-12 14:30:00-04:00,5170.759765625,5178.35986328125,5162.91015625,5177.7099609375,5177.7099609375,227569000
2024-03-12 15:30:00-04:00,5177.75,5179.8701171875,5172.41015625,5174.93994140625,5174.93994140625,332127000
2024-03-13 09:30:00-04:00,5173.490234375,5176.5498046875,5162.85009765625,5170.39990234375,5170.39990234375,0
2024-03-13 10:30:00-04:00,5170.39013671875,5173.990234375,5164.419921875,5166.39013671875,5166.39013671875,266043635
2024-03-13 11:30:00-04:00,5166.39990234375,5171.77001953125,5164.3701171875,5168.7099609375,5168.7099609375,216895948
2024-03-13 12:30:00-04:00,5168.759765625,5178.080078125,5166.64013671875,5177.81005859375,5177.81005859375,192745472
2024-03-13 13:30:00-04:00,5177.8701171875,5179.14013671875,5172.7900390625,5174.5400390625,5174.5400390625,186748000
2024-03-13 14:30:00-04:00,5174.6298828125,5176.52001953125,5151.8798828125,5157.35986328125,5157.35986328125,246996000
2024-03-13 15:30:00-04:00,5157.22021484375,5168.72998046875,5156.41015625,5165.60986328125,5165.60986328125,367428000
2024-03-14 09:30:00-04:00,5175.14013671875,5176.85009765625,5138.27001953125,5155.52001953125,5155.52001953125,0
2024-03-14 10:30:00-04:00,5155.6298828125,5160.990234375,5145.60986328125,5148.33984375,5148.33984375,267978297
2024-03-14 11:30:00-04:00,5148.39990234375,5156.0,5143.490234375,5151.68017578125,5151.68017578125,234158071
2024-03-14 12:30:00-04:00,5151.72021484375,5154.330078125,5135.740234375,5136.759765625,5136.759765625,214121368
2024-03-14 13:30:00-04:00,5136.72998046875,5156.52978515625,5132.64990234375,5151.7001953125,5151.7001953125,224386000
2024-03-14 14:30:00-04:00,5151.56982421875,5153.75,5126.9501953125,5131.2001953125,5131.2001953125,285540000
2024-03-14 15:30:00-04:00,5131.27001953125,5151.490234375,5123.2998046875,5151.43017578125,5151.43017578125,405251000
2024-03-15 09:30:00-04:00,5123.31005859375,5130.52001953125,5108.9501953125,5124.7998046875,5124.7998046875,755254459
2024-03-15 10:30:00-04:00,5124.77001953125,5136.85986328125,5122.0498046875,5127.52978515625,5127.52978515625,265085541
2024-03-15 11:30:00-04:00,5127.580078125,5128.3798828125,5109.81005859375,5111.93017578125,5111.93017578125,210771000
2024-03-15 12:30:00-04:00,5111.93017578125,5117.81982421875,5104.35009765625,5113.330078125,5113.330078125,209518000
2024-03-15 13:30:00-04:00,5113.33984375,5121.1201171875,5111.06982421875,5115.7099609375,5115.7099609375,206297000
2024-03-15 14:30:00-04:00,5115.6201171875,5125.47021484375,5115.2001953125,5121.81982421875,5121.81982421875,263784000
2024-03-15 15:30:00-04:00,5121.740234375,5122.35009765625,5113.35009765625,5117.419921875,5117.419921875,511364000
2024-03-18 09:30:00-04:00,5154.77001953125,5175.60009765625,5154.77001953125,5172.25,5172.25,0
2024-03-18 10:30:00-04:00,5172.83984375,5173.47021484375,5163.18017578125,5167.7001953125,5167.7001953125,266191245
2024-03-18 11:30:00-04:00,5167.68017578125,5167.830078125,5158.77001953125,5162.3798828125,5162.3798828125,197756419
2024-03-18 12:30:00-04:00,5162.39990234375,5163.47998046875,5155.009765625,5162.41015625,5162.41015625,175007075
2024-03-18 13:30:00-04:00,5162.3798828125,5164.18017578125,5153.97021484375,5164.10986328125,5164.10986328125,174502000
2024-03-18 14:30:00-04:00,5164.06005859375,5164.43017578125,5153.4599609375,5159.39013671875,5159.39013671875,205575000
2024-03-18 15:30:00-04:00,5159.31005859375,5161.75,5145.47021484375,5149.419921875,5149.419921875,333968000
2024-03-19 09:30:00-04:00,5139.08984375,5141.75,5131.58984375,5134.990234375,5134.990234375,0
2024-03-19 10:30:00-04:00,5134.83984375,5148.39990234375,5134.08984375,5147.56005859375,5147.56005859375,216895804
2024-03-19 11:30:00-04:00,5147.60009765625,5161.7900390625,5147.60009765625,5160.83984375,5160.83984375,178926589
2024-03-19 12:30:00-04:00,5160.93017578125,5174.93017578125,5160.93017578125,5169.5400390625,5169.5400390625,184550402
2024-03-19 13:30:00-04:00,5169.47998046875,5173.669921875,5166.4501953125,5171.16015625,5171.16015625,166240852
2024-03-19 14:30:00-04:00,5171.18994140625,5174.43017578125,5163.14013671875,5166.0498046875,5166.0498046875,200371000
2024-03-19 15:30:00-04:00,5166.08984375,5180.31005859375,5164.8701171875,5178.009765625,5178.009765625,326592000
2024-03-20 09:30:00-04:00,5181.68994140625,5184.56982421875,5172.580078125,5183.85009765625,5183.85009765625,0
2024-03-20 10:30:00-04:00,5183.93994140625,5184.8798828125,5176.31005859375,5182.4501953125,5182.4501953125,221968744
2024-03-20 11:30:00-04:00,5182.33984375,5183.509765625,5175.0400390625,5178.06982421875,5178.06982421875,182185279
2024-03-20 12:30:00-04:00,5178.02978515625,5182.02978515625,5173.4501953125,5174.60986328125,5174.60986328125,159302992
2024-03-20 13:30:00-04:00,5174.60009765625,5202.75,5171.5498046875,5196.169921875,5196.169921875,234896455
2024-03-20 14:30:00-04:00,5196.169921875,5225.1201171875,5179.72021484375,5224.2099609375,5224.2099609375,363140000
2024-03-20 15:30:00-04:00,5224.27001953125,5226.18994140625,5211.60009765625,5223.2900390625,5223.2900390625,377528000
2024-03-21 09:30:00-04:00,5253.43017578125,5260.4501953125,5247.81982421875,5257.5498046875,5257.5498046875,0
2024-03-21 10:30:00-04:00,5257.77978515625,5260.009765625,5250.580078125,5254.06005859375,5254.06005859375,318134178
2024-03-21 11:30:00-04:00,5254.009765625,5260.7900390625,5253.0498046875,5260.33984375,5260.33984375,227899637
2024-03-21 12:30:00-04:00,5260.31982421875,5261.10009765625,5252.41015625,5254.3798828125,5254.3798828125,191311000
2024-03-21 13:30:00-04:00,5254.419921875,5255.72998046875,5245.10009765625,5250.35009765625,5250.35009765625,221499000
2024-03-21 14:30:00-04:00,5250.2900390625,5250.41015625,5240.66015625,5247.77001953125,5247.77001953125,228811000
2024-03-21 15:30:00-04:00,5247.740234375,5251.25,5241.02001953125,5241.02001953125,5241.02001953125,345417000
2024-03-22 09:30:00-04:00,5242.47998046875,5244.56005859375,5234.47021484375,5238.27978515625,5238.27978515625,0
2024-03-22 10:30:00-04:00,5238.27978515625,5238.41015625,5229.8701171875,5236.85009765625,5236.85009765625,219815772
2024-03-22 11:30:00-04:00,5236.990234375,5238.5498046875,5231.89990234375,5234.47998046875,5234.47998046875,189376352
2024-03-22 12:30:00-04:00,5234.56005859375,5241.89990234375,5230.0400390625,5240.52978515625,5240.52978515625,165312978
2024-03-22 13:30:00-04:00,5240.56005859375,5246.08984375,5239.43994140625,5245.14013671875,5245.14013671875,159261858
2024-03-22 14:30:00-04:00,5245.14990234375,5245.259765625,5231.7001953125,5237.1298828125,5237.1298828125,187242000
2024-03-22 15:30:00-04:00,5237.14013671875,5243.16015625,5233.85986328125,5234.27001953125,5234.27001953125,295935000
2024-03-25 09:30:00-04:00,5219.52001953125,5228.9501953125,5216.08984375,5224.68017578125,5224.68017578125,0
2024-03-25 10:30:00-04:00,5224.66015625,5228.43017578125,5221.14990234375,5226.2001953125,5226.2001953125,239350567
2024-03-25 11:30:00-04:00,5226.240234375,5228.56005859375,5222.68994140625,5224.89990234375,5224.89990234375,191653287
2024-03-25 12:30:00-04:00,5224.91015625,5225.91015625,5221.43017578125,5225.31005859375,5225.31005859375,159865880
2024-03-25 13:30:00-04:00,5225.27001953125,5228.830078125,5224.16015625,5228.5498046875,5228.5498046875,156326564
2024-03-25 14:30:00-04:00,5228.509765625,5229.08984375,5221.41015625,5222.4599609375,5222.4599609375,188522000
2024-03-25 15:30:00-04:00,5222.47021484375,5226.7001953125,5216.31982421875,5219.06005859375,5219.06005859375,306340000
2024-03-26 09:30:00-04:00,5228.85009765625,5235.16015625,5227.8798828125,5230.47021484375,5230.47021484375,0
2024-03-26 10:30:00-04:00,5230.330078125,5234.18017578125,5226.91015625,5232.81005859375,5232.81005859375,242688640
2024-03-26 11:30:00-04:00,5232.81005859375,5234.7001953125,5228.72998046875,5231.27001953125,5231.27001953125,206141646
2024-03-26 12:30:00-04:00,5231.2998046875,5231.2998046875,5226.919921875,5228.5,5228.5,180319569
2024-03-26 13:30:00-04:00,5228.4501953125,5229.8798828125,5225.0498046875,5229.47021484375,5229.47021484375,190892000
2024-03-26 14:30:00-04:00,5229.5,5230.3798828125,5220.5,5221.77001953125,5221.77001953125,214508000
2024-03-26 15:30:00-04:00,5221.77978515625,5221.8798828125,5203.419921875,5204.18017578125,5204.18017578125,364623000
2024-03-27 09:30:00-04:00,5226.31005859375,5235.89013671875,5216.25,5217.9501953125,5217.9501953125,0
2024-03-27 10:30:00-04:00,5217.91015625,5223.5400390625,5215.27978515625,5216.27001953125,5216.27001953125,249247337
2024-03-27 11:30:00-04:00,5216.009765625,5220.02001953125,5213.919921875,5219.759765625,5219.759765625,199546474
2024-03-27 12:30:00-04:00,5219.77978515625,5223.66015625,5216.7998046875,5222.35009765625,5222.35009765625,198022427
2024-03-27 13:30:00-04:00,5222.2998046875,5228.22021484375,5219.35009765625,5227.35986328125,5227.35986328125,174495000
2024-03-27 14:30:00-04:00,5227.3701171875,5229.02978515625,5217.81005859375,5227.5400390625,5227.5400390625,220352000
2024-03-27 15:30:00-04:00,5227.66015625,5249.18994140625,5226.66015625,5249.1298828125,5249.1298828125,376663000
2024-03-28 09:30:00-04:00,5248.02978515625,5255.77001953125,5245.81982421875,5250.33984375,5250.33984375,0
2024-03-28 10:30:00-04:00,5250.330078125,5254.93017578125,5249.47998046875,5254.56982421875,5254.56982421875,235599900
2024-03-28 11:30:00-04:00,5254.56982421875,5256.0498046875,5250.5498046875,5253.3798828125,5253.3798828125,199726789
2024-03-28 12:30:00-04:00,5253.39990234375,5253.509765625,5249.080078125,5250.10009765625,5250.10009765625,174402505
2024-03-28 13:30:00-04:00,5250.10986328125,5255.27001953125,5248.39013671875,5254.14990234375,5254.14990234375,182813817
2024-03-28 14:30:00-04:00,5254.14990234375,5264.419921875,5249.31982421875,5263.2998046875,5263.2998046875,213494000
2024-03-28 15:30:00-04:00,5263.2998046875,5264.85009765625,5255.009765625,5255.60009765625,5255.60009765625,360532000
